;  LST file generated by mikroListExporter - v.2.0 
; Date/Time: 12/18/2024 9:41:37 PM
;----------------------------------------------

;Address Opcode 	ASM
0x0000	0xF008EFAE  	GOTO        4444
0x0004	0x0000      	NOP
0x0006	0x0000      	NOP
0x0008	0xF000EF00  	GOTO        0
0x000C	0x0000      	NOP
0x000E	0x0000      	NOP
0x0010	0x0000      	NOP
0x0012	0x0000      	NOP
0x0014	0x0000      	NOP
0x0016	0x0000      	NOP
0x0018	0xD7F3      	BRA         0
_Delay_5500us:
;__Lib_Delays.c,31 :: 		void Delay_5500us() {
;__Lib_Delays.c,32 :: 		Delay_us(5500);
0x001C	0x0E0F      	MOVLW       15
0x001E	0x6E0C      	MOVWF       R12, 0
0x0020	0x0E47      	MOVLW       71
0x0022	0x6E0D      	MOVWF       R13, 0
L_Delay_5500us5:
0x0024	0x2E0D      	DECFSZ      R13, 1, 0
0x0026	0xD7FE      	BRA         L_Delay_5500us5
0x0028	0x2E0C      	DECFSZ      R12, 1, 0
0x002A	0xD7FC      	BRA         L_Delay_5500us5
0x002C	0x0000      	NOP
0x002E	0x0000      	NOP
;__Lib_Delays.c,33 :: 		}
L_end_Delay_5500us:
0x0030	0x0012      	RETURN      0
; end of _Delay_5500us
_Delay_1us:
;__Lib_Delays.c,7 :: 		void Delay_1us() {
;__Lib_Delays.c,8 :: 		Delay_us(1);
0x0032	0x0000      	NOP
0x0034	0x0000      	NOP
;__Lib_Delays.c,9 :: 		}
L_end_Delay_1us:
0x0036	0x0012      	RETURN      0
; end of _Delay_1us
_Delay_50us:
;__Lib_Delays.c,19 :: 		void Delay_50us() {
;__Lib_Delays.c,20 :: 		Delay_us(50);
0x0038	0x0E21      	MOVLW       33
0x003A	0x6E0D      	MOVWF       R13, 0
L_Delay_50us2:
0x003C	0x2E0D      	DECFSZ      R13, 1, 0
0x003E	0xD7FE      	BRA         L_Delay_50us2
;__Lib_Delays.c,21 :: 		}
L_end_Delay_50us:
0x0040	0x0012      	RETURN      0
; end of _Delay_50us
_SETFUN32:
;__Lib_MathDouble.c,144 :: 		
;__Lib_MathDouble.c,152 :: 		
0x0042	0x840B      	BSF         R11, 2, 0
;__Lib_MathDouble.c,153 :: 		
0x0044	0xAE0B      	BTFSS       R11, 7, 0
;__Lib_MathDouble.c,154 :: 		
0x0046	0xF000EF2C  	GOTO        SETFUN32EEE
;__Lib_MathDouble.c,156 :: 		
0x004A	0x0E01      	MOVLW       1
;__Lib_MathDouble.c,157 :: 		
0x004C	0x6E03      	MOVWF       R3, 0
;__Lib_MathDouble.c,158 :: 		
0x004E	0x6A02      	CLRF        R2, 0
;__Lib_MathDouble.c,159 :: 		
0x0050	0x6A01      	CLRF        R1, 0
;__Lib_MathDouble.c,160 :: 		
0x0052	0x6A00      	CLRF        R0, 0
;__Lib_MathDouble.c,161 :: 		
0x0054	0x360A      	RLCF        R10, 1, 0
;__Lib_MathDouble.c,162 :: 		
0x0056	0x3202      	RRCF        R2, 1, 0
;__Lib_MathDouble.c,163 :: 		
SETFUN32EEE:
;__Lib_MathDouble.c,164 :: 		
0x0058	0x0EFF      	MOVLW       255
;__Lib_MathDouble.c,166 :: 		
L_end_SETFUN32:
0x005A	0x0012      	RETURN      0
; end of _SETFUN32
_FIXSIGN32:
;__Lib_MathDouble.c,117 :: 		
;__Lib_MathDouble.c,121 :: 		
0x005C	0xAE0A      	BTFSS       R10, 7, 0
;__Lib_MathDouble.c,122 :: 		
0x005E	0x9E02      	BCF         R2, 7, 0
;__Lib_MathDouble.c,123 :: 		
0x0060	0x0E00      	MOVLW       0
;__Lib_MathDouble.c,125 :: 		
L_end_FIXSIGN32:
0x0062	0x0012      	RETURN      0
; end of _FIXSIGN32
_RES032:
;__Lib_MathDouble.c,128 :: 		
;__Lib_MathDouble.c,134 :: 		
0x0064	0x6A02      	CLRF        R2, 0
;__Lib_MathDouble.c,135 :: 		
0x0066	0x6A01      	CLRF        R1, 0
;__Lib_MathDouble.c,136 :: 		
0x0068	0x6A00      	CLRF        R0, 0
;__Lib_MathDouble.c,137 :: 		
0x006A	0x6A08      	CLRF        R8, 0
;__Lib_MathDouble.c,138 :: 		
0x006C	0x6A03      	CLRF        R3, 0
;__Lib_MathDouble.c,139 :: 		
0x006E	0x0E00      	MOVLW       0
;__Lib_MathDouble.c,141 :: 		
L_end_RES032:
0x0070	0x0012      	RETURN      0
; end of _RES032
_Div_16X16_U:
;__Lib_Math.c,102 :: 		
;__Lib_Math.c,109 :: 		
0x0072	0x6A08      	CLRF        R8, 0
;__Lib_Math.c,110 :: 		
0x0074	0x6A09      	CLRF        R9, 0
;__Lib_Math.c,111 :: 		
0x0076	0x0E10      	MOVLW       16
;__Lib_Math.c,112 :: 		
0x0078	0x6E0C      	MOVWF       R12, 0
;__Lib_Math.c,113 :: 		
0x007A	0x3401      	RLCF        R1, 0, 0
;__Lib_Math.c,114 :: 		
0x007C	0x3608      	RLCF        R8, 1, 0
;__Lib_Math.c,115 :: 		
0x007E	0x3609      	RLCF        R9, 1, 0
;__Lib_Math.c,116 :: 		
0x0080	0x5004      	MOVF        R4, 0, 0
;__Lib_Math.c,117 :: 		
0x0082	0x5E08      	SUBWF       R8, 1, 0
;__Lib_Math.c,118 :: 		
0x0084	0x5005      	MOVF        R5, 0, 0
;__Lib_Math.c,119 :: 		
0x0086	0xA0D8      	BTFSS       STATUS, 0, 0
;__Lib_Math.c,120 :: 		
0x0088	0x3C05      	INCFSZ      R5, 0, 0
;__Lib_Math.c,121 :: 		
0x008A	0x5E09      	SUBWF       R9, 1, 0
;__Lib_Math.c,122 :: 		
0x008C	0xB0D8      	BTFSC       STATUS, 0, 0
;__Lib_Math.c,123 :: 		
0x008E	0xD007      	BRA         $+16
;__Lib_Math.c,124 :: 		
0x0090	0x5004      	MOVF        R4, 0, 0
;__Lib_Math.c,125 :: 		
0x0092	0x2608      	ADDWF       R8, 1, 0
;__Lib_Math.c,126 :: 		
0x0094	0x5005      	MOVF        R5, 0, 0
;__Lib_Math.c,127 :: 		
0x0096	0xB0D8      	BTFSC       STATUS, 0, 0
;__Lib_Math.c,128 :: 		
0x0098	0x3C05      	INCFSZ      R5, 0, 0
;__Lib_Math.c,129 :: 		
0x009A	0x2609      	ADDWF       R9, 1, 0
;__Lib_Math.c,130 :: 		
0x009C	0x90D8      	BCF         STATUS, 0, 0
;__Lib_Math.c,131 :: 		
0x009E	0x3600      	RLCF        R0, 1, 0
;__Lib_Math.c,132 :: 		
0x00A0	0x3601      	RLCF        R1, 1, 0
;__Lib_Math.c,133 :: 		
0x00A2	0x2E0C      	DECFSZ      R12, 1, 0
;__Lib_Math.c,134 :: 		
0x00A4	0xD7EA      	BRA         $-42
;__Lib_Math.c,136 :: 		
L_end_Div_16X16_U:
0x00A6	0x0012      	RETURN      0
; end of _Div_16X16_U
_Lcd_Cmd:
;__Lib_Lcd.c,18 :: 		
;__Lib_Lcd.c,20 :: 		
0x00A8	0x0100      	MOVLB       0
0x00AA	0xBFE1      	BTFSC       FARG_Lcd_Cmd_out_char, 7, 1
0x00AC	0xD002      	BRA         L__Lcd_Cmd21
0x00AE	0x968B      	BCF         LCD_D7, BitPos(LCD_D7+0) 
0x00B0	0xD001      	BRA         L__Lcd_Cmd22
L__Lcd_Cmd21:
0x00B2	0x868B      	BSF         LCD_D7, BitPos(LCD_D7+0) 
L__Lcd_Cmd22:
;__Lib_Lcd.c,21 :: 		
0x00B4	0xBDE1      	BTFSC       FARG_Lcd_Cmd_out_char, 6, 1
0x00B6	0xD002      	BRA         L__Lcd_Cmd23
0x00B8	0x948B      	BCF         LCD_D6, BitPos(LCD_D6+0) 
0x00BA	0xD001      	BRA         L__Lcd_Cmd24
L__Lcd_Cmd23:
0x00BC	0x848B      	BSF         LCD_D6, BitPos(LCD_D6+0) 
L__Lcd_Cmd24:
;__Lib_Lcd.c,22 :: 		
0x00BE	0xBBE1      	BTFSC       FARG_Lcd_Cmd_out_char, 5, 1
0x00C0	0xD002      	BRA         L__Lcd_Cmd25
0x00C2	0x928B      	BCF         LCD_D5, BitPos(LCD_D5+0) 
0x00C4	0xD001      	BRA         L__Lcd_Cmd26
L__Lcd_Cmd25:
0x00C6	0x828B      	BSF         LCD_D5, BitPos(LCD_D5+0) 
L__Lcd_Cmd26:
;__Lib_Lcd.c,23 :: 		
0x00C8	0xB9E1      	BTFSC       FARG_Lcd_Cmd_out_char, 4, 1
0x00CA	0xD002      	BRA         L__Lcd_Cmd27
0x00CC	0x908B      	BCF         LCD_D4, BitPos(LCD_D4+0) 
0x00CE	0xD001      	BRA         L__Lcd_Cmd28
L__Lcd_Cmd27:
0x00D0	0x808B      	BSF         LCD_D4, BitPos(LCD_D4+0) 
L__Lcd_Cmd28:
;__Lib_Lcd.c,25 :: 		
0x00D2	0xB1B7      	BTFSC       __Lib_Lcd_cmd_status, BitPos(__Lib_Lcd_cmd_status+0), 1
0x00D4	0xD002      	BRA         L__Lcd_Cmd29
0x00D6	0x888B      	BSF         LCD_RS, BitPos(LCD_RS+0) 
0x00D8	0xD001      	BRA         L__Lcd_Cmd30
L__Lcd_Cmd29:
0x00DA	0x988B      	BCF         LCD_RS, BitPos(LCD_RS+0) 
L__Lcd_Cmd30:
;__Lib_Lcd.c,28 :: 		
0x00DC	0x8A8B      	BSF         LCD_EN, BitPos(LCD_EN+0) 
;__Lib_Lcd.c,29 :: 		
0x00DE	0xDFA9      	RCALL       _Delay_1us
;__Lib_Lcd.c,30 :: 		
0x00E0	0x9A8B      	BCF         LCD_EN, BitPos(LCD_EN+0) 
;__Lib_Lcd.c,33 :: 		
0x00E2	0xB7E1      	BTFSC       FARG_Lcd_Cmd_out_char, 3, 1
0x00E4	0xD002      	BRA         L__Lcd_Cmd31
0x00E6	0x968B      	BCF         LCD_D7, BitPos(LCD_D7+0) 
0x00E8	0xD001      	BRA         L__Lcd_Cmd32
L__Lcd_Cmd31:
0x00EA	0x868B      	BSF         LCD_D7, BitPos(LCD_D7+0) 
L__Lcd_Cmd32:
;__Lib_Lcd.c,34 :: 		
0x00EC	0xB5E1      	BTFSC       FARG_Lcd_Cmd_out_char, 2, 1
0x00EE	0xD002      	BRA         L__Lcd_Cmd33
0x00F0	0x948B      	BCF         LCD_D6, BitPos(LCD_D6+0) 
0x00F2	0xD001      	BRA         L__Lcd_Cmd34
L__Lcd_Cmd33:
0x00F4	0x848B      	BSF         LCD_D6, BitPos(LCD_D6+0) 
L__Lcd_Cmd34:
;__Lib_Lcd.c,35 :: 		
0x00F6	0xB3E1      	BTFSC       FARG_Lcd_Cmd_out_char, 1, 1
0x00F8	0xD002      	BRA         L__Lcd_Cmd35
0x00FA	0x928B      	BCF         LCD_D5, BitPos(LCD_D5+0) 
0x00FC	0xD001      	BRA         L__Lcd_Cmd36
L__Lcd_Cmd35:
0x00FE	0x828B      	BSF         LCD_D5, BitPos(LCD_D5+0) 
L__Lcd_Cmd36:
;__Lib_Lcd.c,36 :: 		
0x0100	0xB1E1      	BTFSC       FARG_Lcd_Cmd_out_char, 0, 1
0x0102	0xD002      	BRA         L__Lcd_Cmd37
0x0104	0x908B      	BCF         LCD_D4, BitPos(LCD_D4+0) 
0x0106	0xD001      	BRA         L__Lcd_Cmd38
L__Lcd_Cmd37:
0x0108	0x808B      	BSF         LCD_D4, BitPos(LCD_D4+0) 
L__Lcd_Cmd38:
;__Lib_Lcd.c,38 :: 		
0x010A	0xB1B7      	BTFSC       __Lib_Lcd_cmd_status, BitPos(__Lib_Lcd_cmd_status+0), 1
0x010C	0xD002      	BRA         L__Lcd_Cmd39
0x010E	0x888B      	BSF         LCD_RS, BitPos(LCD_RS+0) 
0x0110	0xD001      	BRA         L__Lcd_Cmd40
L__Lcd_Cmd39:
0x0112	0x988B      	BCF         LCD_RS, BitPos(LCD_RS+0) 
L__Lcd_Cmd40:
;__Lib_Lcd.c,40 :: 		
0x0114	0x8A8B      	BSF         LCD_EN, BitPos(LCD_EN+0) 
;__Lib_Lcd.c,41 :: 		
0x0116	0xDF8D      	RCALL       _Delay_1us
;__Lib_Lcd.c,42 :: 		
0x0118	0x9A8B      	BCF         LCD_EN, BitPos(LCD_EN+0) 
;__Lib_Lcd.c,44 :: 		
0x011A	0xA1B7      	BTFSS       __Lib_Lcd_cmd_status, BitPos(__Lib_Lcd_cmd_status+0), 1
0x011C	0xD002      	BRA         L_Lcd_Cmd0
;__Lib_Lcd.c,45 :: 		
0x011E	0xDF7E      	RCALL       _Delay_5500us
0x0120	0xD001      	BRA         L_Lcd_Cmd1
L_Lcd_Cmd0:
;__Lib_Lcd.c,47 :: 		
0x0122	0xDF8A      	RCALL       _Delay_50us
L_Lcd_Cmd1:
;__Lib_Lcd.c,48 :: 		
L_end_Lcd_Cmd:
0x0124	0x0012      	RETURN      0
; end of _Lcd_Cmd
_SETFOV32:
;__Lib_MathDouble.c,82 :: 		
;__Lib_MathDouble.c,90 :: 		
0x0126	0x820B      	BSF         R11, 1, 0
;__Lib_MathDouble.c,91 :: 		
0x0128	0xAE0B      	BTFSS       R11, 7, 0
;__Lib_MathDouble.c,92 :: 		
0x012A	0xF000EF9D  	GOTO        SETFOV32EEE
;__Lib_MathDouble.c,94 :: 		
0x012E	0x6803      	SETF        R3, 0
;__Lib_MathDouble.c,95 :: 		
0x0130	0x6802      	SETF        R2, 0
;__Lib_MathDouble.c,96 :: 		
0x0132	0x6801      	SETF        R1, 0
;__Lib_MathDouble.c,97 :: 		
0x0134	0x6800      	SETF        R0, 0
;__Lib_MathDouble.c,98 :: 		
0x0136	0x360A      	RLCF        R10, 1, 0
;__Lib_MathDouble.c,99 :: 		
0x0138	0x3202      	RRCF        R2, 1, 0
;__Lib_MathDouble.c,100 :: 		
SETFOV32EEE:
;__Lib_MathDouble.c,101 :: 		
0x013A	0x0EFF      	MOVLW       255
;__Lib_MathDouble.c,103 :: 		
L_end_SETFOV32:
0x013C	0x0012      	RETURN      0
; end of _SETFOV32
_Lcd_Chr_CP:
;__Lib_Lcd.c,50 :: 		
;__Lib_Lcd.c,52 :: 		
0x013E	0x0100      	MOVLB       0
0x0140	0x91B7      	BCF         __Lib_Lcd_cmd_status, BitPos(__Lib_Lcd_cmd_status+0), 1
;__Lib_Lcd.c,53 :: 		
0x0142	0xF0E1C0DA  	MOVFF       FARG_Lcd_Chr_CP_out_char, FARG_Lcd_Cmd_out_char
0x0146	0xDFB0      	RCALL       _Lcd_Cmd
;__Lib_Lcd.c,54 :: 		
0x0148	0x81B7      	BSF         __Lib_Lcd_cmd_status, BitPos(__Lib_Lcd_cmd_status+0), 1
;__Lib_Lcd.c,55 :: 		
L_end_Lcd_Chr_CP:
0x014A	0x0012      	RETURN      0
; end of _Lcd_Chr_CP
_Mul_32x32_FP:
;__Lib_MathDouble.c,1130 :: 		
;__Lib_MathDouble.c,1148 :: 		
0x014C	0x6A08      	CLRF        R8, 0
;__Lib_MathDouble.c,1149 :: 		
0x014E	0x6A09      	CLRF        R9, 0
;__Lib_MathDouble.c,1151 :: 		
0x0150	0x0E00      	MOVLW       0
;__Lib_MathDouble.c,1152 :: 		
0x0152	0x6207      	CPFSEQ      R7, 0
;__Lib_MathDouble.c,1153 :: 		
0x0154	0x6403      	CPFSGT      R3, 0
;__Lib_MathDouble.c,1154 :: 		
0x0156	0xF001EF2B  	GOTO        MULJPRES032
;__Lib_MathDouble.c,1157 :: 		
0x015A	0x5002      	MOVF        R2, 0, 0
;__Lib_MathDouble.c,1158 :: 		
0x015C	0x1806      	XORWF       R6, 0, 0
;__Lib_MathDouble.c,1159 :: 		
0x015E	0x6E0A      	MOVWF       R10, 0
;__Lib_MathDouble.c,1161 :: 		
0x0160	0x5007      	MOVF        R7, 0, 0
;__Lib_MathDouble.c,1162 :: 		
0x0162	0x2603      	ADDWF       R3, 1, 0
;__Lib_MathDouble.c,1163 :: 		
0x0164	0x0E7E      	MOVLW       126
;__Lib_MathDouble.c,1164 :: 		
0x0166	0xA0D8      	BTFSS       STATUS, 0, 0
;__Lib_MathDouble.c,1165 :: 		
0x0168	0xF000EFBC  	GOTO        MTUN32
;__Lib_MathDouble.c,1167 :: 		
0x016C	0x5E03      	SUBWF       R3, 1, 0
;__Lib_MathDouble.c,1168 :: 		
0x016E	0xB0D8      	BTFSC       STATUS, 0, 0
;__Lib_MathDouble.c,1169 :: 		
0x0170	0xF001EF2F  	GOTO        MULJPSETFOV32
;__Lib_MathDouble.c,1170 :: 		
0x0174	0xF000EFC0  	GOTO        MOK32
;__Lib_MathDouble.c,1172 :: 		
MTUN32:
;__Lib_MathDouble.c,1173 :: 		
0x0178	0x5E03      	SUBWF       R3, 1, 0
;__Lib_MathDouble.c,1174 :: 		
0x017A	0xA0D8      	BTFSS       STATUS, 0, 0
;__Lib_MathDouble.c,1175 :: 		
0x017C	0xF001EF33  	GOTO        MULJPSETFUN32
;__Lib_MathDouble.c,1177 :: 		
MOK32:
;__Lib_MathDouble.c,1178 :: 		
0x0180	0x8E02      	BSF         R2, 7, 0
;__Lib_MathDouble.c,1179 :: 		
0x0182	0x8E06      	BSF         R6, 7, 0
;__Lib_MathDouble.c,1181 :: 		
0x0184	0xF00EC002  	MOVFF       R2, R14
;__Lib_MathDouble.c,1182 :: 		
0x0188	0xF00BC001  	MOVFF       R1, R11
;__Lib_MathDouble.c,1183 :: 		
0x018C	0xF00DC000  	MOVFF       R0, R13
;__Lib_MathDouble.c,1185 :: 		
0x0190	0x5000      	MOVF        R0, 0, 0
;__Lib_MathDouble.c,1186 :: 		
0x0192	0x0204      	MULWF       R4, 0
;__Lib_MathDouble.c,1187 :: 		
0x0194	0xF00CCFF4  	MOVFF       PRODH, R12
;__Lib_MathDouble.c,1189 :: 		
0x0198	0x5001      	MOVF        R1, 0, 0
;__Lib_MathDouble.c,1190 :: 		
0x019A	0x0205      	MULWF       R5, 0
;__Lib_MathDouble.c,1191 :: 		
0x019C	0xF000CFF4  	MOVFF       PRODH, R0
;__Lib_MathDouble.c,1192 :: 		
0x01A0	0xF008CFF3  	MOVFF       PRODL, R8
;__Lib_MathDouble.c,1194 :: 		
0x01A4	0x0204      	MULWF       R4, 0
;__Lib_MathDouble.c,1195 :: 		
0x01A6	0x50F3      	MOVF        PRODL, 0, 0
;__Lib_MathDouble.c,1196 :: 		
0x01A8	0x260C      	ADDWF       R12, 1, 0
;__Lib_MathDouble.c,1197 :: 		
0x01AA	0x50F4      	MOVF        PRODH, 0, 0
;__Lib_MathDouble.c,1198 :: 		
0x01AC	0x2208      	ADDWFC      R8, 1, 0
;__Lib_MathDouble.c,1199 :: 		
0x01AE	0x0E00      	MOVLW       0
;__Lib_MathDouble.c,1200 :: 		
0x01B0	0x2200      	ADDWFC      R0, 1, 0
;__Lib_MathDouble.c,1202 :: 		
0x01B2	0x500D      	MOVF        R13, 0, 0
;__Lib_MathDouble.c,1203 :: 		
0x01B4	0x0205      	MULWF       R5, 0
;__Lib_MathDouble.c,1204 :: 		
0x01B6	0x50F3      	MOVF        PRODL, 0, 0
;__Lib_MathDouble.c,1205 :: 		
0x01B8	0x260C      	ADDWF       R12, 1, 0
;__Lib_MathDouble.c,1206 :: 		
0x01BA	0x50F4      	MOVF        PRODH, 0, 0
;__Lib_MathDouble.c,1207 :: 		
0x01BC	0x2208      	ADDWFC      R8, 1, 0
;__Lib_MathDouble.c,1208 :: 		
0x01BE	0x0E00      	MOVLW       0
;__Lib_MathDouble.c,1209 :: 		
0x01C0	0x2200      	ADDWFC      R0, 1, 0
;__Lib_MathDouble.c,1211 :: 		
0x01C2	0x5002      	MOVF        R2, 0, 0
;__Lib_MathDouble.c,1212 :: 		
0x01C4	0x0204      	MULWF       R4, 0
;__Lib_MathDouble.c,1213 :: 		
0x01C6	0x50F3      	MOVF        PRODL, 0, 0
;__Lib_MathDouble.c,1214 :: 		
0x01C8	0x2608      	ADDWF       R8, 1, 0
;__Lib_MathDouble.c,1215 :: 		
0x01CA	0x50F4      	MOVF        PRODH, 0, 0
;__Lib_MathDouble.c,1216 :: 		
0x01CC	0x2200      	ADDWFC      R0, 1, 0
;__Lib_MathDouble.c,1217 :: 		
0x01CE	0x5002      	MOVF        R2, 0, 0
;__Lib_MathDouble.c,1218 :: 		
0x01D0	0x0205      	MULWF       R5, 0
;__Lib_MathDouble.c,1219 :: 		
0x01D2	0x6A01      	CLRF        R1, 0
;__Lib_MathDouble.c,1220 :: 		
0x01D4	0x0E00      	MOVLW       0
;__Lib_MathDouble.c,1221 :: 		
0x01D6	0x2201      	ADDWFC      R1, 1, 0
;__Lib_MathDouble.c,1222 :: 		
0x01D8	0x50F3      	MOVF        PRODL, 0, 0
;__Lib_MathDouble.c,1223 :: 		
0x01DA	0x2600      	ADDWF       R0, 1, 0
;__Lib_MathDouble.c,1224 :: 		
0x01DC	0x50F4      	MOVF        PRODH, 0, 0
;__Lib_MathDouble.c,1225 :: 		
0x01DE	0x2201      	ADDWFC      R1, 1, 0
;__Lib_MathDouble.c,1227 :: 		
0x01E0	0x500D      	MOVF        R13, 0, 0
;__Lib_MathDouble.c,1228 :: 		
0x01E2	0x0206      	MULWF       R6, 0
;__Lib_MathDouble.c,1229 :: 		
0x01E4	0x50F3      	MOVF        PRODL, 0, 0
;__Lib_MathDouble.c,1230 :: 		
0x01E6	0x2608      	ADDWF       R8, 1, 0
;__Lib_MathDouble.c,1231 :: 		
0x01E8	0x50F4      	MOVF        PRODH, 0, 0
;__Lib_MathDouble.c,1232 :: 		
0x01EA	0x2200      	ADDWFC      R0, 1, 0
;__Lib_MathDouble.c,1233 :: 		
0x01EC	0x6A02      	CLRF        R2, 0
;__Lib_MathDouble.c,1234 :: 		
0x01EE	0x0E00      	MOVLW       0
;__Lib_MathDouble.c,1235 :: 		
0x01F0	0x2201      	ADDWFC      R1, 1, 0
;__Lib_MathDouble.c,1236 :: 		
0x01F2	0x2202      	ADDWFC      R2, 1, 0
;__Lib_MathDouble.c,1238 :: 		
0x01F4	0x500B      	MOVF        R11, 0, 0
;__Lib_MathDouble.c,1239 :: 		
0x01F6	0x0206      	MULWF       R6, 0
;__Lib_MathDouble.c,1240 :: 		
0x01F8	0x50F3      	MOVF        PRODL, 0, 0
;__Lib_MathDouble.c,1241 :: 		
0x01FA	0x2600      	ADDWF       R0, 1, 0
;__Lib_MathDouble.c,1242 :: 		
0x01FC	0x50F4      	MOVF        PRODH, 0, 0
;__Lib_MathDouble.c,1243 :: 		
0x01FE	0x2201      	ADDWFC      R1, 1, 0
;__Lib_MathDouble.c,1244 :: 		
0x0200	0x0E00      	MOVLW       0
;__Lib_MathDouble.c,1245 :: 		
0x0202	0x2202      	ADDWFC      R2, 1, 0
;__Lib_MathDouble.c,1247 :: 		
0x0204	0x500E      	MOVF        R14, 0, 0
;__Lib_MathDouble.c,1248 :: 		
0x0206	0x0206      	MULWF       R6, 0
;__Lib_MathDouble.c,1249 :: 		
0x0208	0x50F3      	MOVF        PRODL, 0, 0
;__Lib_MathDouble.c,1250 :: 		
0x020A	0x2601      	ADDWF       R1, 1, 0
;__Lib_MathDouble.c,1251 :: 		
0x020C	0x50F4      	MOVF        PRODH, 0, 0
;__Lib_MathDouble.c,1252 :: 		
0x020E	0x2202      	ADDWFC      R2, 1, 0
;__Lib_MathDouble.c,1254 :: 		
0x0210	0xBE02      	BTFSC       R2, 7, 0
;__Lib_MathDouble.c,1255 :: 		
0x0212	0xF001EF13  	GOTO        MROUND32
;__Lib_MathDouble.c,1256 :: 		
0x0216	0x3608      	RLCF        R8, 1, 0
;__Lib_MathDouble.c,1257 :: 		
0x0218	0x3600      	RLCF        R0, 1, 0
;__Lib_MathDouble.c,1258 :: 		
0x021A	0x3601      	RLCF        R1, 1, 0
;__Lib_MathDouble.c,1259 :: 		
0x021C	0x3602      	RLCF        R2, 1, 0
;__Lib_MathDouble.c,1260 :: 		
0x021E	0x0603      	DECF        R3, 1, 0
;__Lib_MathDouble.c,1261 :: 		
0x0220	0xB4D8      	BTFSC       STATUS, 2, 0
;__Lib_MathDouble.c,1262 :: 		
0x0222	0xF001EF33  	GOTO        MULJPSETFUN32
;__Lib_MathDouble.c,1264 :: 		
MROUND32:
;__Lib_MathDouble.c,1267 :: 		
0x0226	0xF001EF26  	GOTO        MUL32OK
;__Lib_MathDouble.c,1268 :: 		
0x022A	0x80D8      	BSF         STATUS, 0, 0
;__Lib_MathDouble.c,1269 :: 		
0x022C	0x0E80      	MOVLW       128
;__Lib_MathDouble.c,1270 :: 		
0x022E	0x6408      	CPFSGT      R8, 0
;__Lib_MathDouble.c,1271 :: 		
0x0230	0x3000      	RRCF        R0, 0, 0
;__Lib_MathDouble.c,1272 :: 		
0x0232	0x0E00      	MOVLW       0
;__Lib_MathDouble.c,1273 :: 		
0x0234	0x2200      	ADDWFC      R0, 1, 0
;__Lib_MathDouble.c,1274 :: 		
0x0236	0x2201      	ADDWFC      R1, 1, 0
;__Lib_MathDouble.c,1275 :: 		
0x0238	0x2202      	ADDWFC      R2, 1, 0
;__Lib_MathDouble.c,1277 :: 		
0x023A	0xA0D8      	BTFSS       STATUS, 0, 0
;__Lib_MathDouble.c,1278 :: 		
0x023C	0xF001EF26  	GOTO        MUL32OK
;__Lib_MathDouble.c,1279 :: 		
0x0240	0x3202      	RRCF        R2, 1, 0
;__Lib_MathDouble.c,1280 :: 		
0x0242	0x3201      	RRCF        R1, 1, 0
;__Lib_MathDouble.c,1281 :: 		
0x0244	0x3200      	RRCF        R0, 1, 0
;__Lib_MathDouble.c,1282 :: 		
0x0246	0x4A03      	INFSNZ      R3, 1, 0
;__Lib_MathDouble.c,1283 :: 		
0x0248	0xF001EF2F  	GOTO        MULJPSETFOV32
;__Lib_MathDouble.c,1285 :: 		
MUL32OK:
;__Lib_MathDouble.c,1286 :: 		
0x024C	0xAE0A      	BTFSS       R10, 7, 0
;__Lib_MathDouble.c,1287 :: 		
0x024E	0x9E02      	BCF         R2, 7, 0
;__Lib_MathDouble.c,1289 :: 		
0x0250	0x0E00      	MOVLW       0
;__Lib_MathDouble.c,1290 :: 		
0x0252	0xF001EF35  	GOTO        MULEEE
;__Lib_MathDouble.c,1291 :: 		
MULJPRES032:
;__Lib_MathDouble.c,1292 :: 		
0x0256	0x0E01      	MOVLW       1
;__Lib_MathDouble.c,1295 :: 		
0x0258	0xDF05      	RCALL       _RES032
;__Lib_MathDouble.c,1297 :: 		
0x025A	0xF001EF35  	GOTO        MULEEE
;__Lib_MathDouble.c,1298 :: 		
MULJPSETFOV32:
;__Lib_MathDouble.c,1299 :: 		
0x025E	0x0E02      	MOVLW       2
;__Lib_MathDouble.c,1302 :: 		
0x0260	0xDF62      	RCALL       _SETFOV32
;__Lib_MathDouble.c,1304 :: 		
0x0262	0xF001EF35  	GOTO        MULEEE
;__Lib_MathDouble.c,1305 :: 		
MULJPSETFUN32:
;__Lib_MathDouble.c,1306 :: 		
0x0266	0x0E04      	MOVLW       4
;__Lib_MathDouble.c,1309 :: 		
0x0268	0xDEEC      	RCALL       _SETFUN32
;__Lib_MathDouble.c,1311 :: 		
MULEEE:
;__Lib_MathDouble.c,1318 :: 		
L_end_Mul_32x32_FP:
0x026A	0x0012      	RETURN      0
; end of _Mul_32x32_FP
_Delay_10us:
;__Lib_Delays.c,11 :: 		void Delay_10us() {
;__Lib_Delays.c,12 :: 		Delay_us(10);
0x026C	0x0E06      	MOVLW       6
0x026E	0x6E0D      	MOVWF       R13, 0
L_Delay_10us0:
0x0270	0x2E0D      	DECFSZ      R13, 1, 0
0x0272	0xD7FE      	BRA         L_Delay_10us0
0x0274	0x0000      	NOP
;__Lib_Delays.c,13 :: 		}
L_end_Delay_10us:
0x0276	0x0012      	RETURN      0
; end of _Delay_10us
_Delay_22us:
;__Lib_Delays.c,15 :: 		void Delay_22us() {
;__Lib_Delays.c,16 :: 		Delay_us(22);
0x0278	0x0E0E      	MOVLW       14
0x027A	0x6E0D      	MOVWF       R13, 0
L_Delay_22us1:
0x027C	0x2E0D      	DECFSZ      R13, 1, 0
0x027E	0xD7FE      	BRA         L_Delay_22us1
0x0280	0x0000      	NOP
;__Lib_Delays.c,17 :: 		}
L_end_Delay_22us:
0x0282	0x0012      	RETURN      0
; end of _Delay_22us
_NRM3232:
;__Lib_MathDouble.c,455 :: 		
;__Lib_MathDouble.c,463 :: 		
0x0284	0x6A0C      	CLRF        R12, 0
;__Lib_MathDouble.c,464 :: 		
0x0286	0x6A0E      	CLRF        R14, 0
;__Lib_MathDouble.c,465 :: 		
0x0288	0x5002      	MOVF        R2, 0, 0
;__Lib_MathDouble.c,466 :: 		
0x028A	0xA4D8      	BTFSS       STATUS, 2, 0
;__Lib_MathDouble.c,467 :: 		
0x028C	0xF001EF5B  	GOTO        NORM3232
;__Lib_MathDouble.c,468 :: 		
0x0290	0xF002C001  	MOVFF       R1, R2
;__Lib_MathDouble.c,469 :: 		
0x0294	0xF001C000  	MOVFF       R0, R1
;__Lib_MathDouble.c,470 :: 		
0x0298	0x6A00      	CLRF        R0, 0
;__Lib_MathDouble.c,471 :: 		
0x029A	0x860E      	BSF         R14, 3, 0
;__Lib_MathDouble.c,473 :: 		
0x029C	0x5002      	MOVF        R2, 0, 0
;__Lib_MathDouble.c,474 :: 		
0x029E	0xA4D8      	BTFSS       STATUS, 2, 0
;__Lib_MathDouble.c,475 :: 		
0x02A0	0xF001EF5B  	GOTO        NORM3232
;__Lib_MathDouble.c,476 :: 		
0x02A4	0xF002C001  	MOVFF       R1, R2
;__Lib_MathDouble.c,477 :: 		
0x02A8	0x6A01      	CLRF        R1, 0
;__Lib_MathDouble.c,478 :: 		
0x02AA	0x960E      	BCF         R14, 3, 0
;__Lib_MathDouble.c,479 :: 		
0x02AC	0x880E      	BSF         R14, 4, 0
;__Lib_MathDouble.c,481 :: 		
0x02AE	0x5002      	MOVF        R2, 0, 0
;__Lib_MathDouble.c,482 :: 		
0x02B0	0xB4D8      	BTFSC       STATUS, 2, 0
;__Lib_MathDouble.c,483 :: 		
0x02B2	0xF001EF6D  	GOTO        JPNRES032
;__Lib_MathDouble.c,484 :: 		
NORM3232:
;__Lib_MathDouble.c,485 :: 		
0x02B6	0x500E      	MOVF        R14, 0, 0
;__Lib_MathDouble.c,486 :: 		
0x02B8	0x5E03      	SUBWF       R3, 1, 0
;__Lib_MathDouble.c,487 :: 		
0x02BA	0xA4D8      	BTFSS       STATUS, 2, 0
;__Lib_MathDouble.c,488 :: 		
0x02BC	0xA0D8      	BTFSS       STATUS, 0, 0
;__Lib_MathDouble.c,489 :: 		
0x02BE	0xF001EF72  	GOTO        JPNSETFUN32
;__Lib_MathDouble.c,490 :: 		
0x02C2	0x90D8      	BCF         STATUS, 0, 0
;__Lib_MathDouble.c,491 :: 		
NORM3232A:
;__Lib_MathDouble.c,492 :: 		
0x02C4	0xBE02      	BTFSC       R2, 7, 0
;__Lib_MathDouble.c,493 :: 		
0x02C6	0xF001EF77  	GOTO        JMPNFIXSIGN32
;__Lib_MathDouble.c,494 :: 		
0x02CA	0x3600      	RLCF        R0, 1, 0
;__Lib_MathDouble.c,495 :: 		
0x02CC	0x3601      	RLCF        R1, 1, 0
;__Lib_MathDouble.c,496 :: 		
0x02CE	0x3602      	RLCF        R2, 1, 0
;__Lib_MathDouble.c,497 :: 		
0x02D0	0x2E03      	DECFSZ      R3, 1, 0
;__Lib_MathDouble.c,498 :: 		
0x02D2	0xF001EF62  	GOTO        NORM3232A
;__Lib_MathDouble.c,499 :: 		
0x02D6	0xF001EF72  	GOTO        JPNSETFUN32
;__Lib_MathDouble.c,500 :: 		
JPNRES032:
;__Lib_MathDouble.c,501 :: 		
0x02DA	0x0E01      	MOVLW       1
;__Lib_MathDouble.c,502 :: 		
0x02DC	0x6E0C      	MOVWF       R12, 0
;__Lib_MathDouble.c,504 :: 		
0x02DE	0xDEC2      	RCALL       _RES032
;__Lib_MathDouble.c,506 :: 		
0x02E0	0xF001EF7A  	GOTO        NORM32EEE
;__Lib_MathDouble.c,507 :: 		
JPNSETFUN32:
;__Lib_MathDouble.c,508 :: 		
0x02E4	0x0E02      	MOVLW       2
;__Lib_MathDouble.c,509 :: 		
0x02E6	0x6E0C      	MOVWF       R12, 0
;__Lib_MathDouble.c,511 :: 		
0x02E8	0xDEAC      	RCALL       _SETFUN32
;__Lib_MathDouble.c,513 :: 		
0x02EA	0xF001EF7A  	GOTO        NORM32EEE
;__Lib_MathDouble.c,514 :: 		
JMPNFIXSIGN32:
;__Lib_MathDouble.c,515 :: 		
0x02EE	0x0E04      	MOVLW       4
;__Lib_MathDouble.c,516 :: 		
0x02F0	0x6E0C      	MOVWF       R12, 0
;__Lib_MathDouble.c,518 :: 		
0x02F2	0xDEB4      	RCALL       _FIXSIGN32
;__Lib_MathDouble.c,520 :: 		
NORM32EEE:
;__Lib_MathDouble.c,527 :: 		
L_end_NRM3232:
0x02F4	0x0012      	RETURN      0
; end of _NRM3232
_Keypad_Key_Press:
;__Lib_Keypad4x4.c,39 :: 		
;__Lib_Keypad4x4.c,43 :: 		
0x02F6	0x0100      	MOVLB       0
0x02F8	0x6BDA      	CLRF        Keypad_Key_Press_rslt_L0, 1
;__Lib_Keypad4x4.c,44 :: 		
0x02FA	0x6BDC      	CLRF        Keypad_Key_Press_loc_L0, 1
;__Lib_Keypad4x4.c,45 :: 		
0x02FC	0x6BDD      	CLRF        Keypad_Key_Press_rowcnt_L0, 1
;__Lib_Keypad4x4.c,46 :: 		
0x02FE	0x0E10      	MOVLW       16
0x0300	0x6FDE      	MOVWF       Keypad_Key_Press_shifter_L0, 1
;__Lib_Keypad4x4.c,48 :: 		
L_Keypad_Key_Press0:
0x0302	0x0E04      	MOVLW       4
0x0304	0x5DDD      	SUBWF       Keypad_Key_Press_rowcnt_L0, 0, 1
0x0306	0xE229      	BC          L_Keypad_Key_Press1
;__Lib_Keypad4x4.c,50 :: 		
0x0308	0x0EF0      	MOVLW       240
0x030A	0x6E81      	MOVWF       keypadPort 
;__Lib_Keypad4x4.c,51 :: 		
0x030C	0x0E12      	MOVLW       18
0x030E	0x6E00      	MOVWF       R0 
0x0310	0x0E00      	MOVLW       0
0x0312	0x6E01      	MOVWF       R1 
0x0314	0x0E81      	MOVLW       keypadPort
0x0316	0x2400      	ADDWF       R0, 0 
0x0318	0x6EE1      	MOVWF       FSR1L 
0x031A	0x0E0F      	MOVLW       hi_addr(keypadPort)
0x031C	0x2001      	ADDWFC      R1, 0 
0x031E	0x6EE2      	MOVWF       FSR1L+1 
0x0320	0x1DDE      	COMF        Keypad_Key_Press_shifter_L0, 0, 1
0x0322	0x6E00      	MOVWF       R0 
0x0324	0xFFE6C000  	MOVFF       R0, POSTINC1
;__Lib_Keypad4x4.c,55 :: 		
0x0328	0xDE84      	RCALL       _Delay_1us
;__Lib_Keypad4x4.c,56 :: 		
0x032A	0xDE83      	RCALL       _Delay_1us
;__Lib_Keypad4x4.c,57 :: 		
0x032C	0x0E0F      	MOVLW       15
0x032E	0x1481      	ANDWF       keypadPort, 0 
0x0330	0x6E00      	MOVWF       R0 
0x0332	0xF0DBC000  	MOVFF       R0, Keypad_Key_Press_kdata_L0
;__Lib_Keypad4x4.c,58 :: 		
0x0336	0x5200      	MOVF        R0, 1 
0x0338	0xE00A      	BZ          L_Keypad_Key_Press2
;__Lib_Keypad4x4.c,60 :: 		
0x033A	0xF0DAC0DC  	MOVFF       Keypad_Key_Press_loc_L0, Keypad_Key_Press_rslt_L0
;__Lib_Keypad4x4.c,61 :: 		
L_Keypad_Key_Press3:
0x033E	0x53DB      	MOVF        Keypad_Key_Press_kdata_L0, 1, 1
0x0340	0xE004      	BZ          L_Keypad_Key_Press4
;__Lib_Keypad4x4.c,62 :: 		
0x0342	0x33DB      	RRCF        Keypad_Key_Press_kdata_L0, 1, 1
0x0344	0x9FDB      	BCF         Keypad_Key_Press_kdata_L0, 7, 1
;__Lib_Keypad4x4.c,63 :: 		
0x0346	0x2BDA      	INCF        Keypad_Key_Press_rslt_L0, 1, 1
;__Lib_Keypad4x4.c,64 :: 		
0x0348	0xD7FA      	BRA         L_Keypad_Key_Press3
L_Keypad_Key_Press4:
;__Lib_Keypad4x4.c,66 :: 		
0x034A	0x0E04      	MOVLW       4
0x034C	0x6FDD      	MOVWF       Keypad_Key_Press_rowcnt_L0, 1
;__Lib_Keypad4x4.c,67 :: 		
L_Keypad_Key_Press2:
;__Lib_Keypad4x4.c,68 :: 		
0x034E	0x37DE      	RLCF        Keypad_Key_Press_shifter_L0, 1, 1
0x0350	0x91DE      	BCF         Keypad_Key_Press_shifter_L0, 0, 1
;__Lib_Keypad4x4.c,69 :: 		
0x0352	0x0E04      	MOVLW       4
0x0354	0x27DC      	ADDWF       Keypad_Key_Press_loc_L0, 1, 1
;__Lib_Keypad4x4.c,70 :: 		
0x0356	0x2BDD      	INCF        Keypad_Key_Press_rowcnt_L0, 1, 1
;__Lib_Keypad4x4.c,71 :: 		
0x0358	0xD7D4      	BRA         L_Keypad_Key_Press0
L_Keypad_Key_Press1:
;__Lib_Keypad4x4.c,73 :: 		
0x035A	0xF000C0DA  	MOVFF       Keypad_Key_Press_rslt_L0, R0
;__Lib_Keypad4x4.c,74 :: 		
L_end_Keypad_Key_Press:
0x035E	0x0012      	RETURN      0
; end of _Keypad_Key_Press
_SETFDZ32:
;__Lib_MathDouble.c,106 :: 		
;__Lib_MathDouble.c,110 :: 		
0x0360	0x6A0B      	CLRF        R11, 0
;__Lib_MathDouble.c,111 :: 		
0x0362	0x860B      	BSF         R11, 3, 0
;__Lib_MathDouble.c,112 :: 		
0x0364	0x0EFF      	MOVLW       255
;__Lib_MathDouble.c,114 :: 		
L_end_SETFDZ32:
0x0366	0x0012      	RETURN      0
; end of _SETFDZ32
_Compare_Double:
;__Lib_MathDouble.c,2518 :: 		
;__Lib_MathDouble.c,2529 :: 		
0x0368	0x6A0A      	CLRF        R10, 0
;__Lib_MathDouble.c,2530 :: 		
0x036A	0x5003      	MOVF        R3, 0, 0
;__Lib_MathDouble.c,2531 :: 		
0x036C	0xA4D8      	BTFSS       STATUS, 2, 0
;__Lib_MathDouble.c,2532 :: 		
0x036E	0x800A      	BSF         R10, 0, 0
;__Lib_MathDouble.c,2533 :: 		
0x0370	0x5007      	MOVF        R7, 0, 0
;__Lib_MathDouble.c,2534 :: 		
0x0372	0xA4D8      	BTFSS       STATUS, 2, 0
;__Lib_MathDouble.c,2535 :: 		
0x0374	0x820A      	BSF         R10, 1, 0
;__Lib_MathDouble.c,2537 :: 		
0x0376	0x500A      	MOVF        R10, 0, 0
;__Lib_MathDouble.c,2538 :: 		
0x0378	0xB4D8      	BTFSC       STATUS, 2, 0
;__Lib_MathDouble.c,2539 :: 		
0x037A	0xF002EF17  	GOTO        COMPARE_EQU
;__Lib_MathDouble.c,2540 :: 		
0x037E	0x0A03      	XORLW       3
;__Lib_MathDouble.c,2541 :: 		
0x0380	0xB4D8      	BTFSC       STATUS, 2, 0
;__Lib_MathDouble.c,2542 :: 		
0x0382	0xF001EFD0  	GOTO        COMPARE_NOTZERO
;__Lib_MathDouble.c,2544 :: 		
0x0386	0xB00A      	BTFSC       R10, 0, 0
;__Lib_MathDouble.c,2545 :: 		
0x0388	0xF001EFCB  	GOTO        COMPARE_XNOTZERO
;__Lib_MathDouble.c,2547 :: 		
0x038C	0xAE06      	BTFSS       R6, 7, 0
;__Lib_MathDouble.c,2548 :: 		
0x038E	0xF002EF15  	GOTO        COMPARE_LT
;__Lib_MathDouble.c,2549 :: 		
0x0392	0xF002EF13  	GOTO        COMPARE_GT
;__Lib_MathDouble.c,2550 :: 		
COMPARE_XNOTZERO:
;__Lib_MathDouble.c,2551 :: 		
0x0396	0xAE02      	BTFSS       R2, 7, 0
;__Lib_MathDouble.c,2552 :: 		
0x0398	0xF002EF13  	GOTO        COMPARE_GT
;__Lib_MathDouble.c,2553 :: 		
0x039C	0xF002EF15  	GOTO        COMPARE_LT
;__Lib_MathDouble.c,2555 :: 		
COMPARE_NOTZERO:
;__Lib_MathDouble.c,2556 :: 		
0x03A0	0x5002      	MOVF        R2, 0, 0
;__Lib_MathDouble.c,2557 :: 		
0x03A2	0x0B80      	ANDLW       128
;__Lib_MathDouble.c,2558 :: 		
0x03A4	0x6E0A      	MOVWF       R10, 0
;__Lib_MathDouble.c,2559 :: 		
0x03A6	0x9E02      	BCF         R2, 7, 0
;__Lib_MathDouble.c,2561 :: 		
0x03A8	0x5006      	MOVF        R6, 0, 0
;__Lib_MathDouble.c,2562 :: 		
0x03AA	0x0B80      	ANDLW       128
;__Lib_MathDouble.c,2563 :: 		
0x03AC	0x9E06      	BCF         R6, 7, 0
;__Lib_MathDouble.c,2565 :: 		
0x03AE	0x180A      	XORWF       R10, 0, 0
;__Lib_MathDouble.c,2566 :: 		
0x03B0	0xB4D8      	BTFSC       STATUS, 2, 0
;__Lib_MathDouble.c,2567 :: 		
0x03B2	0xF001EFE1  	GOTO        COMPARE_TESTALL
;__Lib_MathDouble.c,2569 :: 		
0x03B6	0x500A      	MOVF        R10, 0, 0
;__Lib_MathDouble.c,2570 :: 		
0x03B8	0xB4D8      	BTFSC       STATUS, 2, 0
;__Lib_MathDouble.c,2571 :: 		
0x03BA	0xF002EF13  	GOTO        COMPARE_GT
;__Lib_MathDouble.c,2572 :: 		
0x03BE	0xF002EF15  	GOTO        COMPARE_LT
;__Lib_MathDouble.c,2574 :: 		
COMPARE_TESTALL:
;__Lib_MathDouble.c,2575 :: 		
0x03C2	0x5007      	MOVF        R7, 0, 0
;__Lib_MathDouble.c,2576 :: 		
0x03C4	0x5C03      	SUBWF       R3, 0, 0
;__Lib_MathDouble.c,2577 :: 		
0x03C6	0xB4D8      	BTFSC       STATUS, 2, 0
;__Lib_MathDouble.c,2578 :: 		
0x03C8	0xF001EFEB  	GOTO        COMPARE_C1
;__Lib_MathDouble.c,2579 :: 		
0x03CC	0xA0D8      	BTFSS       STATUS, 0, 0
;__Lib_MathDouble.c,2580 :: 		
0x03CE	0xF002EF07  	GOTO        GT_FALSE
;__Lib_MathDouble.c,2581 :: 		
0x03D2	0xF002EF0D  	GOTO        GT_TRUE
;__Lib_MathDouble.c,2582 :: 		
COMPARE_C1:
;__Lib_MathDouble.c,2583 :: 		
0x03D6	0x5006      	MOVF        R6, 0, 0
;__Lib_MathDouble.c,2584 :: 		
0x03D8	0x5C02      	SUBWF       R2, 0, 0
;__Lib_MathDouble.c,2585 :: 		
0x03DA	0xB4D8      	BTFSC       STATUS, 2, 0
;__Lib_MathDouble.c,2586 :: 		
0x03DC	0xF001EFF5  	GOTO        COMPARE_C2
;__Lib_MathDouble.c,2587 :: 		
0x03E0	0xA0D8      	BTFSS       STATUS, 0, 0
;__Lib_MathDouble.c,2588 :: 		
0x03E2	0xF002EF07  	GOTO        GT_FALSE
;__Lib_MathDouble.c,2589 :: 		
0x03E6	0xF002EF0D  	GOTO        GT_TRUE
;__Lib_MathDouble.c,2590 :: 		
COMPARE_C2:
;__Lib_MathDouble.c,2591 :: 		
0x03EA	0x5005      	MOVF        R5, 0, 0
;__Lib_MathDouble.c,2592 :: 		
0x03EC	0x5C01      	SUBWF       R1, 0, 0
;__Lib_MathDouble.c,2593 :: 		
0x03EE	0xB4D8      	BTFSC       STATUS, 2, 0
;__Lib_MathDouble.c,2594 :: 		
0x03F0	0xF001EFFF  	GOTO        COMPARE_C3
;__Lib_MathDouble.c,2595 :: 		
0x03F4	0xA0D8      	BTFSS       STATUS, 0, 0
;__Lib_MathDouble.c,2596 :: 		
0x03F6	0xF002EF07  	GOTO        GT_FALSE
;__Lib_MathDouble.c,2597 :: 		
0x03FA	0xF002EF0D  	GOTO        GT_TRUE
;__Lib_MathDouble.c,2598 :: 		
COMPARE_C3:
;__Lib_MathDouble.c,2599 :: 		
0x03FE	0x5004      	MOVF        R4, 0, 0
;__Lib_MathDouble.c,2600 :: 		
0x0400	0x5C00      	SUBWF       R0, 0, 0
;__Lib_MathDouble.c,2601 :: 		
0x0402	0xB4D8      	BTFSC       STATUS, 2, 0
;__Lib_MathDouble.c,2602 :: 		
0x0404	0xF002EF17  	GOTO        COMPARE_EQU
;__Lib_MathDouble.c,2603 :: 		
0x0408	0xB0D8      	BTFSC       STATUS, 0, 0
;__Lib_MathDouble.c,2604 :: 		
0x040A	0xF002EF0D  	GOTO        GT_TRUE
;__Lib_MathDouble.c,2606 :: 		
GT_FALSE:
;__Lib_MathDouble.c,2607 :: 		
0x040E	0x520A      	MOVF        R10, 1, 0
;__Lib_MathDouble.c,2608 :: 		
0x0410	0xB4D8      	BTFSC       STATUS, 2, 0
;__Lib_MathDouble.c,2609 :: 		
0x0412	0xF002EF15  	GOTO        COMPARE_LT
;__Lib_MathDouble.c,2610 :: 		
0x0416	0xF002EF13  	GOTO        COMPARE_GT
;__Lib_MathDouble.c,2611 :: 		
GT_TRUE:
;__Lib_MathDouble.c,2612 :: 		
0x041A	0x520A      	MOVF        R10, 1, 0
;__Lib_MathDouble.c,2613 :: 		
0x041C	0xB4D8      	BTFSC       STATUS, 2, 0
;__Lib_MathDouble.c,2614 :: 		
0x041E	0xF002EF13  	GOTO        COMPARE_GT
;__Lib_MathDouble.c,2615 :: 		
0x0422	0xF002EF15  	GOTO        COMPARE_LT
;__Lib_MathDouble.c,2617 :: 		
COMPARE_GT:
;__Lib_MathDouble.c,2620 :: 		
0x0426	0x80D8      	BSF         STATUS, 0, 0
;__Lib_MathDouble.c,2621 :: 		
0x0428	0x0012      	RETURN      0
;__Lib_MathDouble.c,2622 :: 		
COMPARE_LT:
;__Lib_MathDouble.c,2625 :: 		
0x042A	0x90D8      	BCF         STATUS, 0, 0
;__Lib_MathDouble.c,2626 :: 		
0x042C	0x0012      	RETURN      0
;__Lib_MathDouble.c,2627 :: 		
COMPARE_EQU:
;__Lib_MathDouble.c,2630 :: 		
0x042E	0x80D8      	BSF         STATUS, 0, 0
;__Lib_MathDouble.c,2631 :: 		
0x0430	0x84D8      	BSF         STATUS, 2, 0
;__Lib_MathDouble.c,2632 :: 		
0x0432	0x0012      	RETURN      0
;__Lib_MathDouble.c,2634 :: 		
L_end_Compare_Double:
0x0434	0x0012      	RETURN      0
; end of _Compare_Double
_strcpy:
;__Lib_CString.c,126 :: 		
;__Lib_CString.c,129 :: 		
0x0436	0xF004C0DA  	MOVFF       FARG_strcpy_to, R4
0x043A	0xF005C0DB  	MOVFF       FARG_strcpy_to+1, R5
;__Lib_CString.c,130 :: 		
L_strcpy34:
0x043E	0xF002C004  	MOVFF       R4, R2
0x0442	0xF003C005  	MOVFF       R5, R3
0x0446	0x4A04      	INFSNZ      R4, 1 
0x0448	0x2A05      	INCF        R5, 1 
0x044A	0xF000C0DC  	MOVFF       FARG_strcpy_from, R0
0x044E	0xF001C0DD  	MOVFF       FARG_strcpy_from+1, R1
0x0452	0x0100      	MOVLB       0
0x0454	0x4BDC      	INFSNZ      FARG_strcpy_from, 1, 1
0x0456	0x2BDD      	INCF        FARG_strcpy_from+1, 1, 1
0x0458	0xFFE9C000  	MOVFF       R0, FSR0L
0x045C	0xFFEAC001  	MOVFF       R1, FSR0H
0x0460	0xFFE1C002  	MOVFF       R2, FSR1L
0x0464	0xFFE2C003  	MOVFF       R3, FSR1H
0x0468	0xFFE6CFEE  	MOVFF       POSTINC0, POSTINC1
0x046C	0xFFE9C002  	MOVFF       R2, FSR0L
0x0470	0xFFEAC003  	MOVFF       R3, FSR0H
0x0474	0x52EE      	MOVF        POSTINC0, 1 
0x0476	0xE001      	BZ          L_strcpy35
;__Lib_CString.c,131 :: 		
0x0478	0xD7E2      	BRA         L_strcpy34
L_strcpy35:
;__Lib_CString.c,132 :: 		
0x047A	0xF000C0DA  	MOVFF       FARG_strcpy_to, R0
0x047E	0xF001C0DB  	MOVFF       FARG_strcpy_to+1, R1
;__Lib_CString.c,133 :: 		
L_end_strcpy:
0x0482	0x0012      	RETURN      0
; end of _strcpy
_Div_8X8_S:
;__Lib_Math.c,326 :: 		
;__Lib_Math.c,335 :: 		
0x0484	0x6A0D      	CLRF        R13, 0
;__Lib_Math.c,336 :: 		
0x0486	0x6A08      	CLRF        R8, 0
;__Lib_Math.c,337 :: 		
0x0488	0x5000      	MOVF        R0, 0, 0
;__Lib_Math.c,338 :: 		
0x048A	0xB4D8      	BTFSC       STATUS, 2, 0
;__Lib_Math.c,339 :: 		
0x048C	0x0C00      	RETLW       0
;__Lib_Math.c,340 :: 		
0x048E	0x1804      	XORWF       R4, 0, 0
;__Lib_Math.c,341 :: 		
0x0490	0x6E0A      	MOVWF       R10, 0
;__Lib_Math.c,342 :: 		
0x0492	0xBE0A      	BTFSC       R10, 7, 0
;__Lib_Math.c,343 :: 		
0x0494	0x1E0D      	COMF        R13, 1, 0
;__Lib_Math.c,344 :: 		
0x0496	0x6A0B      	CLRF        R11, 0
;__Lib_Math.c,345 :: 		
0x0498	0xAE04      	BTFSS       R4, 7, 0
;__Lib_Math.c,346 :: 		
0x049A	0xD002      	BRA         $+6
;__Lib_Math.c,347 :: 		
0x049C	0x1E04      	COMF        R4, 1, 0
;__Lib_Math.c,348 :: 		
0x049E	0x2A04      	INCF        R4, 1, 0
;__Lib_Math.c,349 :: 		
0x04A0	0xAE00      	BTFSS       R0, 7, 0
;__Lib_Math.c,350 :: 		
0x04A2	0xD002      	BRA         $+6
;__Lib_Math.c,351 :: 		
0x04A4	0x1E00      	COMF        R0, 1, 0
;__Lib_Math.c,352 :: 		
0x04A6	0x2A00      	INCF        R0, 1, 0
;__Lib_Math.c,353 :: 		
0x04A8	0x5000      	MOVF        R0, 0, 0
;__Lib_Math.c,354 :: 		
0x04AA	0x1004      	IORWF       R4, 0, 0
;__Lib_Math.c,355 :: 		
0x04AC	0x6E0A      	MOVWF       R10, 0
;__Lib_Math.c,356 :: 		
0x04AE	0xBE0A      	BTFSC       R10, 7, 0
;__Lib_Math.c,357 :: 		
0x04B0	0xD01F      	BRA         $+64
;__Lib_Math.c,358 :: 		
0x04B2	0x5004      	MOVF        R4, 0, 0
;__Lib_Math.c,359 :: 		
0x04B4	0x5E08      	SUBWF       R8, 1, 0
;__Lib_Math.c,360 :: 		
0x04B6	0x3600      	RLCF        R0, 1, 0
;__Lib_Math.c,361 :: 		
0x04B8	0x3400      	RLCF        R0, 0, 0
;__Lib_Math.c,362 :: 		
0x04BA	0x3608      	RLCF        R8, 1, 0
;__Lib_Math.c,363 :: 		
0x04BC	0x5004      	MOVF        R4, 0, 0
;__Lib_Math.c,364 :: 		
0x04BE	0x2608      	ADDWF       R8, 1, 0
;__Lib_Math.c,365 :: 		
0x04C0	0x3600      	RLCF        R0, 1, 0
;__Lib_Math.c,366 :: 		
0x04C2	0x0E06      	MOVLW       6
;__Lib_Math.c,367 :: 		
0x04C4	0x6E0C      	MOVWF       R12, 0
;__Lib_Math.c,368 :: 		
0x04C6	0x3400      	RLCF        R0, 0, 0
;__Lib_Math.c,369 :: 		
0x04C8	0x3608      	RLCF        R8, 1, 0
;__Lib_Math.c,370 :: 		
0x04CA	0x5004      	MOVF        R4, 0, 0
;__Lib_Math.c,371 :: 		
0x04CC	0xB000      	BTFSC       R0, 0, 0
;__Lib_Math.c,372 :: 		
0x04CE	0x5E08      	SUBWF       R8, 1, 0
;__Lib_Math.c,373 :: 		
0x04D0	0xA000      	BTFSS       R0, 0, 0
;__Lib_Math.c,374 :: 		
0x04D2	0x2608      	ADDWF       R8, 1, 0
;__Lib_Math.c,375 :: 		
0x04D4	0x3600      	RLCF        R0, 1, 0
;__Lib_Math.c,376 :: 		
0x04D6	0x2E0C      	DECFSZ      R12, 1, 0
;__Lib_Math.c,377 :: 		
0x04D8	0xD7F6      	BRA         $-18
;__Lib_Math.c,378 :: 		
0x04DA	0xA000      	BTFSS       R0, 0, 0
;__Lib_Math.c,379 :: 		
0x04DC	0x2608      	ADDWF       R8, 1, 0
;__Lib_Math.c,380 :: 		
0x04DE	0xB00B      	BTFSC       R11, 0, 0
;__Lib_Math.c,381 :: 		
0x04E0	0xD015      	BRA         $+44
;__Lib_Math.c,382 :: 		
0x04E2	0xAE0D      	BTFSS       R13, 7, 0
;__Lib_Math.c,383 :: 		
0x04E4	0x0C00      	RETLW       0
;__Lib_Math.c,384 :: 		
0x04E6	0x1E00      	COMF        R0, 1, 0
;__Lib_Math.c,385 :: 		
0x04E8	0x2A00      	INCF        R0, 1, 0
;__Lib_Math.c,386 :: 		
0x04EA	0x1E08      	COMF        R8, 1, 0
;__Lib_Math.c,387 :: 		
0x04EC	0x2A08      	INCF        R8, 1, 0
;__Lib_Math.c,388 :: 		
0x04EE	0x0C00      	RETLW       0
;__Lib_Math.c,389 :: 		
0x04F0	0xAE04      	BTFSS       R4, 7, 0
;__Lib_Math.c,390 :: 		
0x04F2	0xD009      	BRA         $+20
;__Lib_Math.c,391 :: 		
0x04F4	0xBE00      	BTFSC       R0, 7, 0
;__Lib_Math.c,392 :: 		
0x04F6	0xD004      	BRA         $+10
;__Lib_Math.c,393 :: 		
0x04F8	0x5000      	MOVF        R0, 0, 0
;__Lib_Math.c,394 :: 		
0x04FA	0x6E08      	MOVWF       R8, 0
;__Lib_Math.c,395 :: 		
0x04FC	0x6A00      	CLRF        R0, 0
;__Lib_Math.c,396 :: 		
0x04FE	0xD7F1      	BRA         $-28
;__Lib_Math.c,397 :: 		
0x0500	0x6A00      	CLRF        R0, 0
;__Lib_Math.c,398 :: 		
0x0502	0x2A00      	INCF        R0, 1, 0
;__Lib_Math.c,399 :: 		
0x0504	0x0C00      	RETLW       0
;__Lib_Math.c,400 :: 		
0x0506	0x1E00      	COMF        R0, 1, 0
;__Lib_Math.c,401 :: 		
0x0508	0x2A0B      	INCF        R11, 1, 0
;__Lib_Math.c,402 :: 		
0x050A	0xD7D3      	BRA         $-88
;__Lib_Math.c,403 :: 		
0x050C	0x2A08      	INCF        R8, 1, 0
;__Lib_Math.c,404 :: 		
0x050E	0x5004      	MOVF        R4, 0, 0
;__Lib_Math.c,405 :: 		
0x0510	0x5C08      	SUBWF       R8, 0, 0
;__Lib_Math.c,406 :: 		
0x0512	0xA4D8      	BTFSS       STATUS, 2, 0
;__Lib_Math.c,407 :: 		
0x0514	0xD7E6      	BRA         $-50
;__Lib_Math.c,408 :: 		
0x0516	0x6A08      	CLRF        R8, 0
;__Lib_Math.c,409 :: 		
0x0518	0x2A00      	INCF        R0, 1, 0
;__Lib_Math.c,410 :: 		
0x051A	0xAE00      	BTFSS       R0, 7, 0
;__Lib_Math.c,411 :: 		
0x051C	0xD7E2      	BRA         $-58
;__Lib_Math.c,412 :: 		
0x051E	0x0CFF      	RETLW       255
;__Lib_Math.c,414 :: 		
L_end_Div_8X8_S:
0x0520	0x0012      	RETURN      0
; end of _Div_8X8_S
_WordToStr:
;__Lib_Conversions.c,98 :: 		
;__Lib_Conversions.c,103 :: 		
0x0522	0x0100      	MOVLB       0
0x0524	0x6BDE      	CLRF        WordToStr_len_L0, 1
L_WordToStr11:
0x0526	0x0E05      	MOVLW       5
0x0528	0x5DDE      	SUBWF       WordToStr_len_L0, 0, 1
0x052A	0xE20A      	BC          L_WordToStr12
;__Lib_Conversions.c,104 :: 		
0x052C	0x51DE      	MOVF        WordToStr_len_L0, 0, 1
0x052E	0x25DC      	ADDWF       FARG_WordToStr_output, 0, 1
0x0530	0x6EE1      	MOVWF       FSR1L 
0x0532	0x0E00      	MOVLW       0
0x0534	0x21DD      	ADDWFC      FARG_WordToStr_output+1, 0, 1
0x0536	0x6EE2      	MOVWF       FSR1L+1 
0x0538	0x0E20      	MOVLW       32
0x053A	0x6EE6      	MOVWF       POSTINC1 
;__Lib_Conversions.c,103 :: 		
0x053C	0x2BDE      	INCF        WordToStr_len_L0, 1, 1
;__Lib_Conversions.c,104 :: 		
0x053E	0xD7F3      	BRA         L_WordToStr11
L_WordToStr12:
;__Lib_Conversions.c,105 :: 		
0x0540	0x51DE      	MOVF        WordToStr_len_L0, 0, 1
0x0542	0x25DC      	ADDWF       FARG_WordToStr_output, 0, 1
0x0544	0x6EE1      	MOVWF       FSR1L 
0x0546	0x0E00      	MOVLW       0
0x0548	0x21DD      	ADDWFC      FARG_WordToStr_output+1, 0, 1
0x054A	0x6EE2      	MOVWF       FSR1L+1 
0x054C	0x6AE6      	CLRF        POSTINC1 
0x054E	0x07DE      	DECF        WordToStr_len_L0, 1, 1
;__Lib_Conversions.c,107 :: 		
L_WordToStr14:
;__Lib_Conversions.c,108 :: 		
0x0550	0x51DE      	MOVF        WordToStr_len_L0, 0, 1
0x0552	0x25DC      	ADDWF       FARG_WordToStr_output, 0, 1
0x0554	0x6FDF      	MOVWF       FLOC__WordToStr, 1
0x0556	0x0E00      	MOVLW       0
0x0558	0x21DD      	ADDWFC      FARG_WordToStr_output+1, 0, 1
0x055A	0x6FE0      	MOVWF       FLOC__WordToStr+1, 1
0x055C	0x0E0A      	MOVLW       10
0x055E	0x6E04      	MOVWF       R4 
0x0560	0x0E00      	MOVLW       0
0x0562	0x6E05      	MOVWF       R5 
0x0564	0xF000C0DA  	MOVFF       FARG_WordToStr_input, R0
0x0568	0xF001C0DB  	MOVFF       FARG_WordToStr_input+1, R1
0x056C	0xDD82      	RCALL       _Div_16X16_U
0x056E	0xF000C008  	MOVFF       R8, R0
0x0572	0xF001C009  	MOVFF       R9, R1
0x0576	0x0E30      	MOVLW       48
0x0578	0x2600      	ADDWF       R0, 1 
0x057A	0xFFE1C0DF  	MOVFF       FLOC__WordToStr, FSR1L
0x057E	0xFFE2C0E0  	MOVFF       FLOC__WordToStr+1, FSR1H
0x0582	0xFFE6C000  	MOVFF       R0, POSTINC1
;__Lib_Conversions.c,109 :: 		
0x0586	0x0E0A      	MOVLW       10
0x0588	0x6E04      	MOVWF       R4 
0x058A	0x0E00      	MOVLW       0
0x058C	0x6E05      	MOVWF       R5 
0x058E	0xF000C0DA  	MOVFF       FARG_WordToStr_input, R0
0x0592	0xF001C0DB  	MOVFF       FARG_WordToStr_input+1, R1
0x0596	0xDD6D      	RCALL       _Div_16X16_U
0x0598	0xF0DAC000  	MOVFF       R0, FARG_WordToStr_input
0x059C	0xF0DBC001  	MOVFF       R1, FARG_WordToStr_input+1
;__Lib_Conversions.c,110 :: 		
0x05A0	0x0E00      	MOVLW       0
0x05A2	0x1801      	XORWF       R1, 0 
0x05A4	0xE102      	BNZ         L__WordToStr379
0x05A6	0x0E00      	MOVLW       0
0x05A8	0x1800      	XORWF       R0, 0 
L__WordToStr379:
0x05AA	0xE101      	BNZ         L_WordToStr16
;__Lib_Conversions.c,111 :: 		
0x05AC	0xD002      	BRA         L_WordToStr15
L_WordToStr16:
;__Lib_Conversions.c,112 :: 		
0x05AE	0x07DE      	DECF        WordToStr_len_L0, 1, 1
;__Lib_Conversions.c,113 :: 		
0x05B0	0xD7CF      	BRA         L_WordToStr14
L_WordToStr15:
;__Lib_Conversions.c,114 :: 		
L_end_WordToStr:
0x05B2	0x0012      	RETURN      0
; end of _WordToStr
_NRM4032:
;__Lib_MathDouble.c,174 :: 		
;__Lib_MathDouble.c,183 :: 		
0x05B4	0xB00C      	BTFSC       R12, 0, 0
;__Lib_MathDouble.c,184 :: 		
0x05B6	0xF003EF1C  	GOTO        NRMRND4032
;__Lib_MathDouble.c,185 :: 		
0x05BA	0xA20C      	BTFSS       R12, 1, 0
;__Lib_MathDouble.c,186 :: 		
0x05BC	0xF003EFC2  	GOTO        NRM40JPSETFOV32
;__Lib_MathDouble.c,188 :: 		
0x05C0	0x6A0E      	CLRF        R14, 0
;__Lib_MathDouble.c,189 :: 		
0x05C2	0x0E00      	MOVLW       0
;__Lib_MathDouble.c,190 :: 		
0x05C4	0x6402      	CPFSGT      R2, 0
;__Lib_MathDouble.c,191 :: 		
0x05C6	0xF003EF33  	GOTO        NRM4032A
;__Lib_MathDouble.c,194 :: 		
0x05CA	0x0EF0      	MOVLW       240
;__Lib_MathDouble.c,195 :: 		
0x05CC	0x1402      	ANDWF       R2, 0, 0
;__Lib_MathDouble.c,196 :: 		
0x05CE	0xA4D8      	BTFSS       STATUS, 2, 0
;__Lib_MathDouble.c,197 :: 		
0x05D0	0xF002EFFE  	GOTO        NORM4032
;__Lib_MathDouble.c,199 :: 		
0x05D4	0x3A02      	SWAPF       R2, 1, 0
;__Lib_MathDouble.c,200 :: 		
0x05D6	0x3801      	SWAPF       R1, 0, 0
;__Lib_MathDouble.c,201 :: 		
0x05D8	0x0B0F      	ANDLW       15
;__Lib_MathDouble.c,202 :: 		
0x05DA	0x2602      	ADDWF       R2, 1, 0
;__Lib_MathDouble.c,204 :: 		
0x05DC	0x3801      	SWAPF       R1, 0, 0
;__Lib_MathDouble.c,205 :: 		
0x05DE	0x0BF0      	ANDLW       240
;__Lib_MathDouble.c,206 :: 		
0x05E0	0x6E01      	MOVWF       R1, 0
;__Lib_MathDouble.c,207 :: 		
0x05E2	0x3800      	SWAPF       R0, 0, 0
;__Lib_MathDouble.c,208 :: 		
0x05E4	0x0B0F      	ANDLW       15
;__Lib_MathDouble.c,209 :: 		
0x05E6	0x2601      	ADDWF       R1, 1, 0
;__Lib_MathDouble.c,211 :: 		
0x05E8	0x3800      	SWAPF       R0, 0, 0
;__Lib_MathDouble.c,212 :: 		
0x05EA	0x0BF0      	ANDLW       240
;__Lib_MathDouble.c,213 :: 		
0x05EC	0x6E00      	MOVWF       R0, 0
;__Lib_MathDouble.c,214 :: 		
0x05EE	0x3808      	SWAPF       R8, 0, 0
;__Lib_MathDouble.c,215 :: 		
0x05F0	0x0B0F      	ANDLW       15
;__Lib_MathDouble.c,216 :: 		
0x05F2	0x2600      	ADDWF       R0, 1, 0
;__Lib_MathDouble.c,218 :: 		
0x05F4	0x3808      	SWAPF       R8, 0, 0
;__Lib_MathDouble.c,219 :: 		
0x05F6	0x0BF0      	ANDLW       240
;__Lib_MathDouble.c,220 :: 		
0x05F8	0x6E08      	MOVWF       R8, 0
;__Lib_MathDouble.c,222 :: 		
0x05FA	0x840E      	BSF         R14, 2, 0
;__Lib_MathDouble.c,224 :: 		
NORM4032:
;__Lib_MathDouble.c,225 :: 		
0x05FC	0x90D8      	BCF         STATUS, 0, 0
;__Lib_MathDouble.c,227 :: 		
0x05FE	0xBE02      	BTFSC       R2, 7, 0
;__Lib_MathDouble.c,228 :: 		
0x0600	0xF003EF17  	GOTO        TNORMUN4032
;__Lib_MathDouble.c,229 :: 		
0x0604	0x3608      	RLCF        R8, 1, 0
;__Lib_MathDouble.c,230 :: 		
0x0606	0x3600      	RLCF        R0, 1, 0
;__Lib_MathDouble.c,231 :: 		
0x0608	0x3601      	RLCF        R1, 1, 0
;__Lib_MathDouble.c,232 :: 		
0x060A	0x3602      	RLCF        R2, 1, 0
;__Lib_MathDouble.c,233 :: 		
0x060C	0x2A0E      	INCF        R14, 1, 0
;__Lib_MathDouble.c,234 :: 		
0x060E	0xBE02      	BTFSC       R2, 7, 0
;__Lib_MathDouble.c,235 :: 		
0x0610	0xF003EF17  	GOTO        TNORMUN4032
;__Lib_MathDouble.c,236 :: 		
0x0614	0x3608      	RLCF        R8, 1, 0
;__Lib_MathDouble.c,237 :: 		
0x0616	0x3600      	RLCF        R0, 1, 0
;__Lib_MathDouble.c,238 :: 		
0x0618	0x3601      	RLCF        R1, 1, 0
;__Lib_MathDouble.c,239 :: 		
0x061A	0x3602      	RLCF        R2, 1, 0
;__Lib_MathDouble.c,240 :: 		
0x061C	0x2A0E      	INCF        R14, 1, 0
;__Lib_MathDouble.c,241 :: 		
0x061E	0xBE02      	BTFSC       R2, 7, 0
;__Lib_MathDouble.c,242 :: 		
0x0620	0xF003EF17  	GOTO        TNORMUN4032
;__Lib_MathDouble.c,243 :: 		
0x0624	0x3608      	RLCF        R8, 1, 0
;__Lib_MathDouble.c,244 :: 		
0x0626	0x3600      	RLCF        R0, 1, 0
;__Lib_MathDouble.c,245 :: 		
0x0628	0x3601      	RLCF        R1, 1, 0
;__Lib_MathDouble.c,246 :: 		
0x062A	0x3602      	RLCF        R2, 1, 0
;__Lib_MathDouble.c,247 :: 		
0x062C	0x2A0E      	INCF        R14, 1, 0
;__Lib_MathDouble.c,249 :: 		
TNORMUN4032:
;__Lib_MathDouble.c,250 :: 		
0x062E	0x500E      	MOVF        R14, 0, 0
;__Lib_MathDouble.c,251 :: 		
0x0630	0x6403      	CPFSGT      R3, 0
;__Lib_MathDouble.c,252 :: 		
0x0632	0xF003EFB8  	GOTO        NRM40JPSETFUN32
;__Lib_MathDouble.c,253 :: 		
0x0636	0x5E03      	SUBWF       R3, 1, 0
;__Lib_MathDouble.c,255 :: 		
NRMRND4032:
;__Lib_MathDouble.c,256 :: 		
0x0638	0xBC0B      	BTFSC       R11, 6, 0
;__Lib_MathDouble.c,257 :: 		
0x063A	0xAE08      	BTFSS       R8, 7, 0
;__Lib_MathDouble.c,258 :: 		
0x063C	0xF003EFBD  	GOTO        NRM40JPFIXSIGN32
;__Lib_MathDouble.c,259 :: 		
0x0640	0x80D8      	BSF         STATUS, 0, 0
;__Lib_MathDouble.c,260 :: 		
0x0642	0x0E80      	MOVLW       128
;__Lib_MathDouble.c,261 :: 		
0x0644	0x6408      	CPFSGT      R8, 0
;__Lib_MathDouble.c,262 :: 		
0x0646	0x3000      	RRCF        R0, 0, 0
;__Lib_MathDouble.c,263 :: 		
0x0648	0x0E00      	MOVLW       0
;__Lib_MathDouble.c,264 :: 		
0x064A	0x2200      	ADDWFC      R0, 1, 0
;__Lib_MathDouble.c,265 :: 		
0x064C	0x2201      	ADDWFC      R1, 1, 0
;__Lib_MathDouble.c,266 :: 		
0x064E	0x2202      	ADDWFC      R2, 1, 0
;__Lib_MathDouble.c,268 :: 		
0x0650	0xA0D8      	BTFSS       STATUS, 0, 0
;__Lib_MathDouble.c,269 :: 		
0x0652	0xF003EFBD  	GOTO        NRM40JPFIXSIGN32
;__Lib_MathDouble.c,270 :: 		
0x0656	0x3202      	RRCF        R2, 1, 0
;__Lib_MathDouble.c,271 :: 		
0x0658	0x3201      	RRCF        R1, 1, 0
;__Lib_MathDouble.c,272 :: 		
0x065A	0x3200      	RRCF        R0, 1, 0
;__Lib_MathDouble.c,273 :: 		
0x065C	0x4A03      	INFSNZ      R3, 1, 0
;__Lib_MathDouble.c,274 :: 		
0x065E	0xF003EFC2  	GOTO        NRM40JPSETFOV32
;__Lib_MathDouble.c,275 :: 		
0x0662	0xF003EFBD  	GOTO        NRM40JPFIXSIGN32
;__Lib_MathDouble.c,277 :: 		
NRM4032A:
;__Lib_MathDouble.c,278 :: 		
0x0666	0xF002C001  	MOVFF       R1, R2
;__Lib_MathDouble.c,279 :: 		
0x066A	0xF001C000  	MOVFF       R0, R1
;__Lib_MathDouble.c,280 :: 		
0x066E	0xF000C008  	MOVFF       R8, R0
;__Lib_MathDouble.c,281 :: 		
0x0672	0x6A08      	CLRF        R8, 0
;__Lib_MathDouble.c,282 :: 		
0x0674	0x0E00      	MOVLW       0
;__Lib_MathDouble.c,283 :: 		
0x0676	0x860E      	BSF         R14, 3, 0
;__Lib_MathDouble.c,284 :: 		
0x0678	0x6402      	CPFSGT      R2, 0
;__Lib_MathDouble.c,285 :: 		
0x067A	0xF003EF6A  	GOTO        NRM4032B
;__Lib_MathDouble.c,288 :: 		
0x067E	0x0EF0      	MOVLW       240
;__Lib_MathDouble.c,289 :: 		
0x0680	0x1402      	ANDWF       R2, 0, 0
;__Lib_MathDouble.c,290 :: 		
0x0682	0xA4D8      	BTFSS       STATUS, 2, 0
;__Lib_MathDouble.c,291 :: 		
0x0684	0xF003EF52  	GOTO        NORM4032A
;__Lib_MathDouble.c,292 :: 		
0x0688	0x3A02      	SWAPF       R2, 1, 0
;__Lib_MathDouble.c,293 :: 		
0x068A	0x3801      	SWAPF       R1, 0, 0
;__Lib_MathDouble.c,294 :: 		
0x068C	0x0B0F      	ANDLW       15
;__Lib_MathDouble.c,295 :: 		
0x068E	0x2602      	ADDWF       R2, 1, 0
;__Lib_MathDouble.c,297 :: 		
0x0690	0x3801      	SWAPF       R1, 0, 0
;__Lib_MathDouble.c,298 :: 		
0x0692	0x0BF0      	ANDLW       240
;__Lib_MathDouble.c,299 :: 		
0x0694	0x6E01      	MOVWF       R1, 0
;__Lib_MathDouble.c,300 :: 		
0x0696	0x3800      	SWAPF       R0, 0, 0
;__Lib_MathDouble.c,301 :: 		
0x0698	0x0B0F      	ANDLW       15
;__Lib_MathDouble.c,302 :: 		
0x069A	0x2601      	ADDWF       R1, 1, 0
;__Lib_MathDouble.c,304 :: 		
0x069C	0x3800      	SWAPF       R0, 0, 0
;__Lib_MathDouble.c,305 :: 		
0x069E	0x0BF0      	ANDLW       240
;__Lib_MathDouble.c,306 :: 		
0x06A0	0x6E00      	MOVWF       R0, 0
;__Lib_MathDouble.c,308 :: 		
0x06A2	0x840E      	BSF         R14, 2, 0
;__Lib_MathDouble.c,310 :: 		
NORM4032A:
;__Lib_MathDouble.c,311 :: 		
0x06A4	0x90D8      	BCF         STATUS, 0, 0
;__Lib_MathDouble.c,313 :: 		
0x06A6	0xBE02      	BTFSC       R2, 7, 0
;__Lib_MathDouble.c,314 :: 		
0x06A8	0xF003EF17  	GOTO        TNORMUN4032
;__Lib_MathDouble.c,315 :: 		
0x06AC	0x3600      	RLCF        R0, 1, 0
;__Lib_MathDouble.c,316 :: 		
0x06AE	0x3601      	RLCF        R1, 1, 0
;__Lib_MathDouble.c,317 :: 		
0x06B0	0x3602      	RLCF        R2, 1, 0
;__Lib_MathDouble.c,318 :: 		
0x06B2	0x2A0E      	INCF        R14, 1, 0
;__Lib_MathDouble.c,319 :: 		
0x06B4	0xBE02      	BTFSC       R2, 7, 0
;__Lib_MathDouble.c,320 :: 		
0x06B6	0xF003EF17  	GOTO        TNORMUN4032
;__Lib_MathDouble.c,321 :: 		
0x06BA	0x3600      	RLCF        R0, 1, 0
;__Lib_MathDouble.c,322 :: 		
0x06BC	0x3601      	RLCF        R1, 1, 0
;__Lib_MathDouble.c,323 :: 		
0x06BE	0x3602      	RLCF        R2, 1, 0
;__Lib_MathDouble.c,324 :: 		
0x06C0	0x2A0E      	INCF        R14, 1, 0
;__Lib_MathDouble.c,325 :: 		
0x06C2	0xBE02      	BTFSC       R2, 7, 0
;__Lib_MathDouble.c,326 :: 		
0x06C4	0xF003EF17  	GOTO        TNORMUN4032
;__Lib_MathDouble.c,327 :: 		
0x06C8	0x3600      	RLCF        R0, 1, 0
;__Lib_MathDouble.c,328 :: 		
0x06CA	0x3601      	RLCF        R1, 1, 0
;__Lib_MathDouble.c,329 :: 		
0x06CC	0x3602      	RLCF        R2, 1, 0
;__Lib_MathDouble.c,330 :: 		
0x06CE	0x2A0E      	INCF        R14, 1, 0
;__Lib_MathDouble.c,331 :: 		
0x06D0	0xF003EF17  	GOTO        TNORMUN4032
;__Lib_MathDouble.c,333 :: 		
NRM4032B:
;__Lib_MathDouble.c,334 :: 		
0x06D4	0xF002C001  	MOVFF       R1, R2
;__Lib_MathDouble.c,335 :: 		
0x06D8	0xF001C000  	MOVFF       R0, R1
;__Lib_MathDouble.c,336 :: 		
0x06DC	0x6A00      	CLRF        R0, 0
;__Lib_MathDouble.c,337 :: 		
0x06DE	0x0E00      	MOVLW       0
;__Lib_MathDouble.c,338 :: 		
0x06E0	0x960E      	BCF         R14, 3, 0
;__Lib_MathDouble.c,339 :: 		
0x06E2	0x880E      	BSF         R14, 4, 0
;__Lib_MathDouble.c,340 :: 		
0x06E4	0x6402      	CPFSGT      R2, 0
;__Lib_MathDouble.c,341 :: 		
0x06E6	0xF003EF97  	GOTO        NRM4032C
;__Lib_MathDouble.c,344 :: 		
0x06EA	0x0EF0      	MOVLW       240
;__Lib_MathDouble.c,345 :: 		
0x06EC	0x1402      	ANDWF       R2, 0, 0
;__Lib_MathDouble.c,346 :: 		
0x06EE	0xA4D8      	BTFSS       STATUS, 2, 0
;__Lib_MathDouble.c,347 :: 		
0x06F0	0xF003EF82  	GOTO        NORM4032B
;__Lib_MathDouble.c,349 :: 		
0x06F4	0x3A02      	SWAPF       R2, 1, 0
;__Lib_MathDouble.c,350 :: 		
0x06F6	0x3801      	SWAPF       R1, 0, 0
;__Lib_MathDouble.c,351 :: 		
0x06F8	0x0B0F      	ANDLW       15
;__Lib_MathDouble.c,352 :: 		
0x06FA	0x2602      	ADDWF       R2, 1, 0
;__Lib_MathDouble.c,354 :: 		
0x06FC	0x3801      	SWAPF       R1, 0, 0
;__Lib_MathDouble.c,355 :: 		
0x06FE	0x0BF0      	ANDLW       240
;__Lib_MathDouble.c,356 :: 		
0x0700	0x6E01      	MOVWF       R1, 0
;__Lib_MathDouble.c,358 :: 		
0x0702	0x840E      	BSF         R14, 2, 0
;__Lib_MathDouble.c,360 :: 		
NORM4032B:
;__Lib_MathDouble.c,361 :: 		
0x0704	0x90D8      	BCF         STATUS, 0, 0
;__Lib_MathDouble.c,362 :: 		
0x0706	0xBE02      	BTFSC       R2, 7, 0
;__Lib_MathDouble.c,363 :: 		
0x0708	0xF003EF17  	GOTO        TNORMUN4032
;__Lib_MathDouble.c,364 :: 		
0x070C	0x3601      	RLCF        R1, 1, 0
;__Lib_MathDouble.c,365 :: 		
0x070E	0x3602      	RLCF        R2, 1, 0
;__Lib_MathDouble.c,366 :: 		
0x0710	0x2A0E      	INCF        R14, 1, 0
;__Lib_MathDouble.c,367 :: 		
0x0712	0xBE02      	BTFSC       R2, 7, 0
;__Lib_MathDouble.c,368 :: 		
0x0714	0xF003EF17  	GOTO        TNORMUN4032
;__Lib_MathDouble.c,369 :: 		
0x0718	0x3601      	RLCF        R1, 1, 0
;__Lib_MathDouble.c,370 :: 		
0x071A	0x3602      	RLCF        R2, 1, 0
;__Lib_MathDouble.c,371 :: 		
0x071C	0x2A0E      	INCF        R14, 1, 0
;__Lib_MathDouble.c,372 :: 		
0x071E	0xBE02      	BTFSC       R2, 7, 0
;__Lib_MathDouble.c,373 :: 		
0x0720	0xF003EF17  	GOTO        TNORMUN4032
;__Lib_MathDouble.c,374 :: 		
0x0724	0x3601      	RLCF        R1, 1, 0
;__Lib_MathDouble.c,375 :: 		
0x0726	0x3602      	RLCF        R2, 1, 0
;__Lib_MathDouble.c,376 :: 		
0x0728	0x2A0E      	INCF        R14, 1, 0
;__Lib_MathDouble.c,377 :: 		
0x072A	0xF003EF17  	GOTO        TNORMUN4032
;__Lib_MathDouble.c,379 :: 		
NRM4032C:
;__Lib_MathDouble.c,380 :: 		
0x072E	0xF002C001  	MOVFF       R1, R2
;__Lib_MathDouble.c,381 :: 		
0x0732	0x6A01      	CLRF        R1, 0
;__Lib_MathDouble.c,382 :: 		
0x0734	0x0E00      	MOVLW       0
;__Lib_MathDouble.c,383 :: 		
0x0736	0x860E      	BSF         R14, 3, 0
;__Lib_MathDouble.c,384 :: 		
0x0738	0x6402      	CPFSGT      R2, 0
;__Lib_MathDouble.c,385 :: 		
0x073A	0xF003EFC7  	GOTO        NRM40JPRES032
;__Lib_MathDouble.c,388 :: 		
0x073E	0x0EF0      	MOVLW       240
;__Lib_MathDouble.c,389 :: 		
0x0740	0x1402      	ANDWF       R2, 0, 0
;__Lib_MathDouble.c,390 :: 		
0x0742	0xA4D8      	BTFSS       STATUS, 2, 0
;__Lib_MathDouble.c,391 :: 		
0x0744	0xF003EFA6  	GOTO        NORM4032C
;__Lib_MathDouble.c,392 :: 		
0x0748	0x3A02      	SWAPF       R2, 1, 0
;__Lib_MathDouble.c,394 :: 		
0x074A	0x840E      	BSF         R14, 2, 0
;__Lib_MathDouble.c,396 :: 		
NORM4032C:
;__Lib_MathDouble.c,397 :: 		
0x074C	0x90D8      	BCF         STATUS, 0, 0
;__Lib_MathDouble.c,399 :: 		
0x074E	0xBE02      	BTFSC       R2, 7, 0
;__Lib_MathDouble.c,400 :: 		
0x0750	0xF003EF17  	GOTO        TNORMUN4032
;__Lib_MathDouble.c,401 :: 		
0x0754	0x3602      	RLCF        R2, 1, 0
;__Lib_MathDouble.c,402 :: 		
0x0756	0x2A0E      	INCF        R14, 1, 0
;__Lib_MathDouble.c,403 :: 		
0x0758	0xBE02      	BTFSC       R2, 7, 0
;__Lib_MathDouble.c,404 :: 		
0x075A	0xF003EF17  	GOTO        TNORMUN4032
;__Lib_MathDouble.c,405 :: 		
0x075E	0x3602      	RLCF        R2, 1, 0
;__Lib_MathDouble.c,406 :: 		
0x0760	0x2A0E      	INCF        R14, 1, 0
;__Lib_MathDouble.c,407 :: 		
0x0762	0xBE02      	BTFSC       R2, 7, 0
;__Lib_MathDouble.c,408 :: 		
0x0764	0xF003EF17  	GOTO        TNORMUN4032
;__Lib_MathDouble.c,409 :: 		
0x0768	0x3602      	RLCF        R2, 1, 0
;__Lib_MathDouble.c,410 :: 		
0x076A	0x2A0E      	INCF        R14, 1, 0
;__Lib_MathDouble.c,411 :: 		
0x076C	0xF003EF17  	GOTO        TNORMUN4032
;__Lib_MathDouble.c,413 :: 		
NRM40JPSETFUN32:
;__Lib_MathDouble.c,414 :: 		
0x0770	0x0E01      	MOVLW       1
;__Lib_MathDouble.c,415 :: 		
0x0772	0x6E0C      	MOVWF       R12, 0
;__Lib_MathDouble.c,417 :: 		
0x0774	0xDC66      	RCALL       _SETFUN32
;__Lib_MathDouble.c,419 :: 		
0x0776	0xF003EFCA  	GOTO        NRM40EEE
;__Lib_MathDouble.c,420 :: 		
NRM40JPFIXSIGN32:
;__Lib_MathDouble.c,421 :: 		
0x077A	0x0E02      	MOVLW       2
;__Lib_MathDouble.c,422 :: 		
0x077C	0x6E0C      	MOVWF       R12, 0
;__Lib_MathDouble.c,424 :: 		
0x077E	0xDC6E      	RCALL       _FIXSIGN32
;__Lib_MathDouble.c,426 :: 		
0x0780	0xF003EFCA  	GOTO        NRM40EEE
;__Lib_MathDouble.c,427 :: 		
NRM40JPSETFOV32:
;__Lib_MathDouble.c,428 :: 		
0x0784	0x0E04      	MOVLW       4
;__Lib_MathDouble.c,429 :: 		
0x0786	0x6E0C      	MOVWF       R12, 0
;__Lib_MathDouble.c,431 :: 		
0x0788	0xDCCE      	RCALL       _SETFOV32
;__Lib_MathDouble.c,433 :: 		
0x078A	0xF003EFCA  	GOTO        NRM40EEE
;__Lib_MathDouble.c,434 :: 		
NRM40JPRES032:
;__Lib_MathDouble.c,435 :: 		
0x078E	0x0E08      	MOVLW       8
;__Lib_MathDouble.c,436 :: 		
0x0790	0x6E0C      	MOVWF       R12, 0
;__Lib_MathDouble.c,438 :: 		
0x0792	0xDC68      	RCALL       _RES032
;__Lib_MathDouble.c,440 :: 		
NRM40EEE:
;__Lib_MathDouble.c,448 :: 		
L_end_NRM4032:
0x0794	0x0012      	RETURN      0
; end of _NRM4032
_Keypad_Key_Click:
;__Lib_Keypad4x4.c,77 :: 		
;__Lib_Keypad4x4.c,81 :: 		
0x0796	0xDDAF      	RCALL       _Keypad_Key_Press
0x0798	0xF0CCC000  	MOVFF       R0, Keypad_Key_Click_rslt_L0
;__Lib_Keypad4x4.c,83 :: 		
L_Keypad_Key_Click5:
0x079C	0x0E0F      	MOVLW       15
0x079E	0x1481      	ANDWF       keypadPort, 0 
0x07A0	0x6E00      	MOVWF       R0 
0x07A2	0xE002      	BZ          L_Keypad_Key_Click6
;__Lib_Keypad4x4.c,84 :: 		
0x07A4	0xDD63      	RCALL       _Delay_10us
0x07A6	0xD7FA      	BRA         L_Keypad_Key_Click5
L_Keypad_Key_Click6:
;__Lib_Keypad4x4.c,86 :: 		
0x07A8	0xF000C0CC  	MOVFF       Keypad_Key_Click_rslt_L0, R0
;__Lib_Keypad4x4.c,87 :: 		
L_end_Keypad_Key_Click:
0x07AC	0x0012      	RETURN      0
; end of _Keypad_Key_Click
_Lcd_Init:
;__Lib_Lcd.c,84 :: 		
;__Lib_Lcd.c,86 :: 		
0x07AE	0x9A94      	BCF         LCD_EN_Direction, BitPos(LCD_EN_Direction+0) 
;__Lib_Lcd.c,87 :: 		
0x07B0	0x9894      	BCF         LCD_RS_Direction, BitPos(LCD_RS_Direction+0) 
;__Lib_Lcd.c,88 :: 		
0x07B2	0x9094      	BCF         LCD_D4_Direction, BitPos(LCD_D4_Direction+0) 
;__Lib_Lcd.c,89 :: 		
0x07B4	0x9294      	BCF         LCD_D5_Direction, BitPos(LCD_D5_Direction+0) 
;__Lib_Lcd.c,90 :: 		
0x07B6	0x9494      	BCF         LCD_D6_Direction, BitPos(LCD_D6_Direction+0) 
;__Lib_Lcd.c,91 :: 		
0x07B8	0x9694      	BCF         LCD_D7_Direction, BitPos(LCD_D7_Direction+0) 
;__Lib_Lcd.c,93 :: 		
0x07BA	0x9A8B      	BCF         LCD_EN, BitPos(LCD_EN+0) 
;__Lib_Lcd.c,94 :: 		
0x07BC	0x988B      	BCF         LCD_RS, BitPos(LCD_RS+0) 
;__Lib_Lcd.c,95 :: 		
0x07BE	0x968B      	BCF         LCD_D7, BitPos(LCD_D7+0) 
;__Lib_Lcd.c,96 :: 		
0x07C0	0x948B      	BCF         LCD_D6, BitPos(LCD_D6+0) 
;__Lib_Lcd.c,97 :: 		
0x07C2	0x928B      	BCF         LCD_D5, BitPos(LCD_D5+0) 
;__Lib_Lcd.c,98 :: 		
0x07C4	0x908B      	BCF         LCD_D4, BitPos(LCD_D4+0) 
;__Lib_Lcd.c,100 :: 		
0x07C6	0xDC2A      	RCALL       _Delay_5500us
;__Lib_Lcd.c,101 :: 		
0x07C8	0xDC29      	RCALL       _Delay_5500us
;__Lib_Lcd.c,102 :: 		
0x07CA	0xDC28      	RCALL       _Delay_5500us
;__Lib_Lcd.c,105 :: 		
0x07CC	0x828B      	BSF         LCD_D5, BitPos(LCD_D5+0) 
;__Lib_Lcd.c,106 :: 		
0x07CE	0x808B      	BSF         LCD_D4, BitPos(LCD_D4+0) 
;__Lib_Lcd.c,107 :: 		
0x07D0	0x8A8B      	BSF         LCD_EN, BitPos(LCD_EN+0) 
;__Lib_Lcd.c,108 :: 		
0x07D2	0xDC2F      	RCALL       _Delay_1us
;__Lib_Lcd.c,109 :: 		
0x07D4	0x9A8B      	BCF         LCD_EN, BitPos(LCD_EN+0) 
;__Lib_Lcd.c,110 :: 		
0x07D6	0xDC22      	RCALL       _Delay_5500us
;__Lib_Lcd.c,112 :: 		
0x07D8	0x8A8B      	BSF         LCD_EN, BitPos(LCD_EN+0) 
;__Lib_Lcd.c,113 :: 		
0x07DA	0xDC2B      	RCALL       _Delay_1us
;__Lib_Lcd.c,114 :: 		
0x07DC	0x9A8B      	BCF         LCD_EN, BitPos(LCD_EN+0) 
;__Lib_Lcd.c,115 :: 		
0x07DE	0xDC1E      	RCALL       _Delay_5500us
;__Lib_Lcd.c,117 :: 		
0x07E0	0x8A8B      	BSF         LCD_EN, BitPos(LCD_EN+0) 
;__Lib_Lcd.c,118 :: 		
0x07E2	0xDC27      	RCALL       _Delay_1us
;__Lib_Lcd.c,119 :: 		
0x07E4	0x9A8B      	BCF         LCD_EN, BitPos(LCD_EN+0) 
;__Lib_Lcd.c,120 :: 		
0x07E6	0xDC1A      	RCALL       _Delay_5500us
;__Lib_Lcd.c,123 :: 		
0x07E8	0x908B      	BCF         LCD_D4, BitPos(LCD_D4+0) 
;__Lib_Lcd.c,124 :: 		
0x07EA	0x8A8B      	BSF         LCD_EN, BitPos(LCD_EN+0) 
;__Lib_Lcd.c,125 :: 		
0x07EC	0xDC22      	RCALL       _Delay_1us
;__Lib_Lcd.c,126 :: 		
0x07EE	0x9A8B      	BCF         LCD_EN, BitPos(LCD_EN+0) 
;__Lib_Lcd.c,127 :: 		
0x07F0	0xDC15      	RCALL       _Delay_5500us
;__Lib_Lcd.c,130 :: 		
0x07F2	0x8A8B      	BSF         LCD_EN, BitPos(LCD_EN+0) 
;__Lib_Lcd.c,131 :: 		
0x07F4	0xDC1E      	RCALL       _Delay_1us
;__Lib_Lcd.c,132 :: 		
0x07F6	0x9A8B      	BCF         LCD_EN, BitPos(LCD_EN+0) 
;__Lib_Lcd.c,134 :: 		
0x07F8	0x928B      	BCF         LCD_D5, BitPos(LCD_D5+0) 
;__Lib_Lcd.c,135 :: 		
0x07FA	0x868B      	BSF         LCD_D7, BitPos(LCD_D7+0) 
;__Lib_Lcd.c,136 :: 		
0x07FC	0x8A8B      	BSF         LCD_EN, BitPos(LCD_EN+0) 
;__Lib_Lcd.c,137 :: 		
0x07FE	0xDC19      	RCALL       _Delay_1us
;__Lib_Lcd.c,138 :: 		
0x0800	0x9A8B      	BCF         LCD_EN, BitPos(LCD_EN+0) 
;__Lib_Lcd.c,139 :: 		
0x0802	0xDC0C      	RCALL       _Delay_5500us
;__Lib_Lcd.c,142 :: 		
0x0804	0x968B      	BCF         LCD_D7, BitPos(LCD_D7+0) 
;__Lib_Lcd.c,143 :: 		
0x0806	0x808B      	BSF         LCD_D4, BitPos(LCD_D4+0) 
;__Lib_Lcd.c,144 :: 		
0x0808	0x8A8B      	BSF         LCD_EN, BitPos(LCD_EN+0) 
;__Lib_Lcd.c,145 :: 		
0x080A	0xDC13      	RCALL       _Delay_1us
;__Lib_Lcd.c,146 :: 		
0x080C	0x9A8B      	BCF         LCD_EN, BitPos(LCD_EN+0) 
;__Lib_Lcd.c,148 :: 		
0x080E	0x908B      	BCF         LCD_D4, BitPos(LCD_D4+0) 
;__Lib_Lcd.c,149 :: 		
0x0810	0x8A8B      	BSF         LCD_EN, BitPos(LCD_EN+0) 
;__Lib_Lcd.c,150 :: 		
0x0812	0xDC0F      	RCALL       _Delay_1us
;__Lib_Lcd.c,151 :: 		
0x0814	0x9A8B      	BCF         LCD_EN, BitPos(LCD_EN+0) 
;__Lib_Lcd.c,152 :: 		
0x0816	0xDC02      	RCALL       _Delay_5500us
;__Lib_Lcd.c,155 :: 		
0x0818	0x8A8B      	BSF         LCD_EN, BitPos(LCD_EN+0) 
;__Lib_Lcd.c,156 :: 		
0x081A	0xDC0B      	RCALL       _Delay_1us
;__Lib_Lcd.c,157 :: 		
0x081C	0x9A8B      	BCF         LCD_EN, BitPos(LCD_EN+0) 
;__Lib_Lcd.c,159 :: 		
0x081E	0x808B      	BSF         LCD_D4, BitPos(LCD_D4+0) 
;__Lib_Lcd.c,160 :: 		
0x0820	0x8A8B      	BSF         LCD_EN, BitPos(LCD_EN+0) 
;__Lib_Lcd.c,161 :: 		
0x0822	0xDC07      	RCALL       _Delay_1us
;__Lib_Lcd.c,162 :: 		
0x0824	0x9A8B      	BCF         LCD_EN, BitPos(LCD_EN+0) 
;__Lib_Lcd.c,163 :: 		
0x0826	0xF000EC0E  	CALL        _Delay_5500us, 0
;__Lib_Lcd.c,166 :: 		
0x082A	0x908B      	BCF         LCD_D4, BitPos(LCD_D4+0) 
;__Lib_Lcd.c,167 :: 		
0x082C	0x8A8B      	BSF         LCD_EN, BitPos(LCD_EN+0) 
;__Lib_Lcd.c,168 :: 		
0x082E	0xDC01      	RCALL       _Delay_1us
;__Lib_Lcd.c,169 :: 		
0x0830	0x9A8B      	BCF         LCD_EN, BitPos(LCD_EN+0) 
;__Lib_Lcd.c,171 :: 		
0x0832	0x868B      	BSF         LCD_D7, BitPos(LCD_D7+0) 
;__Lib_Lcd.c,172 :: 		
0x0834	0x848B      	BSF         LCD_D6, BitPos(LCD_D6+0) 
;__Lib_Lcd.c,173 :: 		
0x0836	0x828B      	BSF         LCD_D5, BitPos(LCD_D5+0) 
;__Lib_Lcd.c,174 :: 		
0x0838	0x808B      	BSF         LCD_D4, BitPos(LCD_D4+0) 
;__Lib_Lcd.c,175 :: 		
0x083A	0x8A8B      	BSF         LCD_EN, BitPos(LCD_EN+0) 
;__Lib_Lcd.c,176 :: 		
0x083C	0xF000EC19  	CALL        _Delay_1us, 0
;__Lib_Lcd.c,177 :: 		
0x0840	0x9A8B      	BCF         LCD_EN, BitPos(LCD_EN+0) 
;__Lib_Lcd.c,179 :: 		
0x0842	0xF000EC0E  	CALL        _Delay_5500us, 0
;__Lib_Lcd.c,181 :: 		
0x0846	0x0100      	MOVLB       0
0x0848	0x81B7      	BSF         __Lib_Lcd_cmd_status, BitPos(__Lib_Lcd_cmd_status+0), 1
;__Lib_Lcd.c,182 :: 		
L_end_Lcd_Init:
0x084A	0x0012      	RETURN      0
; end of _Lcd_Init
_Lcd_Out:
;__Lib_Lcd.c,184 :: 		
;__Lib_Lcd.c,187 :: 		
0x084C	0xD010      	BRA         L_Lcd_Out11
;__Lib_Lcd.c,188 :: 		
L_Lcd_Out13:
0x084E	0x0E80      	MOVLW       128
0x0850	0x0100      	MOVLB       0
0x0852	0x6FCC      	MOVWF       FARG_Lcd_Out_row, 1
0x0854	0xD01A      	BRA         L_Lcd_Out12
;__Lib_Lcd.c,189 :: 		
L_Lcd_Out14:
0x0856	0x0EC0      	MOVLW       192
0x0858	0x6FCC      	MOVWF       FARG_Lcd_Out_row, 1
0x085A	0xD017      	BRA         L_Lcd_Out12
;__Lib_Lcd.c,190 :: 		
L_Lcd_Out15:
0x085C	0x0E94      	MOVLW       148
0x085E	0x6FCC      	MOVWF       FARG_Lcd_Out_row, 1
0x0860	0xD014      	BRA         L_Lcd_Out12
;__Lib_Lcd.c,191 :: 		
L_Lcd_Out16:
0x0862	0x0ED4      	MOVLW       212
0x0864	0x6FCC      	MOVWF       FARG_Lcd_Out_row, 1
0x0866	0xD011      	BRA         L_Lcd_Out12
;__Lib_Lcd.c,192 :: 		
L_Lcd_Out17:
0x0868	0x0E80      	MOVLW       128
0x086A	0x6FCC      	MOVWF       FARG_Lcd_Out_row, 1
;__Lib_Lcd.c,193 :: 		
0x086C	0xD00E      	BRA         L_Lcd_Out12
L_Lcd_Out11:
0x086E	0x0100      	MOVLB       0
0x0870	0x51CC      	MOVF        FARG_Lcd_Out_row, 0, 1
0x0872	0x0A01      	XORLW       1
0x0874	0xE0EC      	BZ          L_Lcd_Out13
0x0876	0x51CC      	MOVF        FARG_Lcd_Out_row, 0, 1
0x0878	0x0A02      	XORLW       2
0x087A	0xE0ED      	BZ          L_Lcd_Out14
0x087C	0x51CC      	MOVF        FARG_Lcd_Out_row, 0, 1
0x087E	0x0A03      	XORLW       3
0x0880	0xE0ED      	BZ          L_Lcd_Out15
0x0882	0x51CC      	MOVF        FARG_Lcd_Out_row, 0, 1
0x0884	0x0A04      	XORLW       4
0x0886	0xE0ED      	BZ          L_Lcd_Out16
0x0888	0xD7EF      	BRA         L_Lcd_Out17
L_Lcd_Out12:
;__Lib_Lcd.c,194 :: 		
0x088A	0x05CD      	DECF        FARG_Lcd_Out_column, 0, 1
0x088C	0x6E00      	MOVWF       R0 
0x088E	0x51CC      	MOVF        FARG_Lcd_Out_row, 0, 1
0x0890	0x2600      	ADDWF       R0, 1 
0x0892	0xF0CCC000  	MOVFF       R0, FARG_Lcd_Out_row
;__Lib_Lcd.c,196 :: 		
0x0896	0xF0E1C000  	MOVFF       R0, FARG_Lcd_Cmd_out_char
0x089A	0xDC06      	RCALL       _Lcd_Cmd
;__Lib_Lcd.c,197 :: 		
0x089C	0x91B7      	BCF         __Lib_Lcd_cmd_status, BitPos(__Lib_Lcd_cmd_status+0), 1
;__Lib_Lcd.c,198 :: 		
0x089E	0x6BD0      	CLRF        Lcd_Out_i_L0, 1
;__Lib_Lcd.c,199 :: 		
L_Lcd_Out18:
0x08A0	0x51D0      	MOVF        Lcd_Out_i_L0, 0, 1
0x08A2	0x25CE      	ADDWF       FARG_Lcd_Out_text, 0, 1
0x08A4	0x6EE9      	MOVWF       FSR0L 
0x08A6	0x0E00      	MOVLW       0
0x08A8	0x21CF      	ADDWFC      FARG_Lcd_Out_text+1, 0, 1
0x08AA	0x6EEA      	MOVWF       FSR0L+1 
0x08AC	0x52EE      	MOVF        POSTINC0, 1 
0x08AE	0xE00B      	BZ          L_Lcd_Out19
;__Lib_Lcd.c,200 :: 		
0x08B0	0x51D0      	MOVF        Lcd_Out_i_L0, 0, 1
0x08B2	0x25CE      	ADDWF       FARG_Lcd_Out_text, 0, 1
0x08B4	0x6EE9      	MOVWF       FSR0L 
0x08B6	0x0E00      	MOVLW       0
0x08B8	0x21CF      	ADDWFC      FARG_Lcd_Out_text+1, 0, 1
0x08BA	0x6EEA      	MOVWF       FSR0L+1 
0x08BC	0xF0DACFEE  	MOVFF       POSTINC0, FARG_Lcd_Chr_CP_out_char
0x08C0	0xDC3E      	RCALL       _Lcd_Chr_CP
0x08C2	0x2BD0      	INCF        Lcd_Out_i_L0, 1, 1
0x08C4	0xD7ED      	BRA         L_Lcd_Out18
L_Lcd_Out19:
;__Lib_Lcd.c,201 :: 		
0x08C6	0x81B7      	BSF         __Lib_Lcd_cmd_status, BitPos(__Lib_Lcd_cmd_status+0), 1
;__Lib_Lcd.c,202 :: 		
L_end_Lcd_Out:
0x08C8	0x0012      	RETURN      0
; end of _Lcd_Out
___CC2DW:
;__Lib_System.c,21 :: 		
;__Lib_System.c,23 :: 		
_CC2DL_Loop1:
;__Lib_System.c,24 :: 		
0x08CA	0x0009      	TBLRD*+
;__Lib_System.c,25 :: 		
0x08CC	0xFFE6CFF5  	MOVFF       TABLAT, POSTINC1
;__Lib_System.c,26 :: 		
0x08D0	0x0600      	DECF        R0, 1, 0
;__Lib_System.c,27 :: 		
0x08D2	0xE1FB      	BNZ         _CC2DL_Loop1
;__Lib_System.c,28 :: 		
0x08D4	0x0601      	DECF        R1, 1, 0
;__Lib_System.c,29 :: 		
0x08D6	0xE1F9      	BNZ         _CC2DL_Loop1
;__Lib_System.c,31 :: 		
L_end___CC2DW:
0x08D8	0x0012      	RETURN      0
; end of ___CC2DW
_Keypad_Init:
;__Lib_Keypad4x4.c,34 :: 		
;__Lib_Keypad4x4.c,35 :: 		
0x08DA	0x0E12      	MOVLW       18
0x08DC	0x6E00      	MOVWF       R0 
0x08DE	0x0E00      	MOVLW       0
0x08E0	0x6E01      	MOVWF       R1 
0x08E2	0x0E81      	MOVLW       keypadPort
0x08E4	0x2400      	ADDWF       R0, 0 
0x08E6	0x6EE1      	MOVWF       FSR1L 
0x08E8	0x0E0F      	MOVLW       hi_addr(keypadPort)
0x08EA	0x2001      	ADDWFC      R1, 0 
0x08EC	0x6EE2      	MOVWF       FSR1L+1 
0x08EE	0x0EFF      	MOVLW       255
0x08F0	0x6EE6      	MOVWF       POSTINC1 
;__Lib_Keypad4x4.c,36 :: 		
L_end_Keypad_Init:
0x08F2	0x0012      	RETURN      0
; end of _Keypad_Init
_Div_32x32_FP:
;__Lib_MathDouble.c,1325 :: 		
;__Lib_MathDouble.c,1339 :: 		
0x08F4	0x5004      	MOVF        R4, 0 
0x08F6	0x0A00      	XORLW       0
0x08F8	0xE112      	BNZ         L_Div_32x32_FP11
;__Lib_MathDouble.c,1340 :: 		
0x08FA	0x5005      	MOVF        R5, 0 
0x08FC	0x0A00      	XORLW       0
0x08FE	0xE10F      	BNZ         L_Div_32x32_FP12
;__Lib_MathDouble.c,1341 :: 		
0x0900	0x5006      	MOVF        R6, 0 
0x0902	0x0A00      	XORLW       0
0x0904	0xE10C      	BNZ         L_Div_32x32_FP13
;__Lib_MathDouble.c,1342 :: 		
0x0906	0x5007      	MOVF        R7, 0 
0x0908	0x0A00      	XORLW       0
0x090A	0xE109      	BNZ         L_Div_32x32_FP14
;__Lib_MathDouble.c,1343 :: 		
0x090C	0x0EFF      	MOVLW       255
0x090E	0x6E00      	MOVWF       R0 
;__Lib_MathDouble.c,1344 :: 		
0x0910	0x0EFF      	MOVLW       255
0x0912	0x6E01      	MOVWF       R1 
;__Lib_MathDouble.c,1345 :: 		
0x0914	0x0E7F      	MOVLW       127
0x0916	0x6E02      	MOVWF       R2 
;__Lib_MathDouble.c,1346 :: 		
0x0918	0x0EFF      	MOVLW       255
0x091A	0x6E03      	MOVWF       R3 
;__Lib_MathDouble.c,1347 :: 		
0x091C	0xD0A7      	BRA         L_end_Div_32x32_FP
;__Lib_MathDouble.c,1348 :: 		
L_Div_32x32_FP14:
L_Div_32x32_FP13:
L_Div_32x32_FP12:
L_Div_32x32_FP11:
;__Lib_MathDouble.c,1353 :: 		
0x091E	0x6A08      	CLRF        R8, 0
;__Lib_MathDouble.c,1354 :: 		
0x0920	0x6A09      	CLRF        R9, 0
;__Lib_MathDouble.c,1356 :: 		
0x0922	0x5007      	MOVF        R7, 0, 0
;__Lib_MathDouble.c,1357 :: 		
0x0924	0xB4D8      	BTFSC       STATUS, 2, 0
;__Lib_MathDouble.c,1358 :: 		
0x0926	0xF005EF25  	GOTO        JPDSETFDZ32
;__Lib_MathDouble.c,1360 :: 		
0x092A	0x5003      	MOVF        R3, 0, 0
;__Lib_MathDouble.c,1361 :: 		
0x092C	0xB4D8      	BTFSC       STATUS, 2, 0
;__Lib_MathDouble.c,1362 :: 		
0x092E	0xF005EF29  	GOTO        JPDRES032
;__Lib_MathDouble.c,1364 :: 		
0x0932	0x5002      	MOVF        R2, 0, 0
;__Lib_MathDouble.c,1365 :: 		
0x0934	0x1806      	XORWF       R6, 0, 0
;__Lib_MathDouble.c,1366 :: 		
0x0936	0x6E0A      	MOVWF       R10, 0
;__Lib_MathDouble.c,1367 :: 		
0x0938	0x8E02      	BSF         R2, 7, 0
;__Lib_MathDouble.c,1368 :: 		
0x093A	0x8E06      	BSF         R6, 7, 0
;__Lib_MathDouble.c,1370 :: 		
0x093C	0x6A0E      	CLRF        R14, 0
;__Lib_MathDouble.c,1371 :: 		
0x093E	0xF008C002  	MOVFF       R2, R8
;__Lib_MathDouble.c,1372 :: 		
0x0942	0xF00CC001  	MOVFF       R1, R12
;__Lib_MathDouble.c,1373 :: 		
0x0946	0xF00DC000  	MOVFF       R0, R13
;__Lib_MathDouble.c,1375 :: 		
0x094A	0x5004      	MOVF        R4, 0, 0
;__Lib_MathDouble.c,1376 :: 		
0x094C	0x5E0D      	SUBWF       R13, 1, 0
;__Lib_MathDouble.c,1377 :: 		
0x094E	0x5005      	MOVF        R5, 0, 0
;__Lib_MathDouble.c,1378 :: 		
0x0950	0xA0D8      	BTFSS       STATUS, 0, 0
;__Lib_MathDouble.c,1379 :: 		
0x0952	0x3C05      	INCFSZ      R5, 0, 0
;__Lib_MathDouble.c,1381 :: 		
0x0954	0x5E0C      	SUBWF       R12, 1, 0
;__Lib_MathDouble.c,1382 :: 		
0x0956	0x5006      	MOVF        R6, 0, 0
;__Lib_MathDouble.c,1383 :: 		
0x0958	0xA0D8      	BTFSS       STATUS, 0, 0
;__Lib_MathDouble.c,1384 :: 		
0x095A	0x3C06      	INCFSZ      R6, 0, 0
;__Lib_MathDouble.c,1386 :: 		
0x095C	0x5E08      	SUBWF       R8, 1, 0
;__Lib_MathDouble.c,1387 :: 		
0x095E	0x6A08      	CLRF        R8, 0
;__Lib_MathDouble.c,1388 :: 		
0x0960	0x6A0C      	CLRF        R12, 0
;__Lib_MathDouble.c,1389 :: 		
0x0962	0x6A0D      	CLRF        R13, 0
;__Lib_MathDouble.c,1390 :: 		
0x0964	0xA0D8      	BTFSS       STATUS, 0, 0
;__Lib_MathDouble.c,1391 :: 		
0x0966	0xF004EFBC  	GOTO        DALIGN32OK
;__Lib_MathDouble.c,1393 :: 		
0x096A	0x90D8      	BCF         STATUS, 0, 0
;__Lib_MathDouble.c,1394 :: 		
0x096C	0x3202      	RRCF        R2, 1, 0
;__Lib_MathDouble.c,1395 :: 		
0x096E	0x3201      	RRCF        R1, 1, 0
;__Lib_MathDouble.c,1396 :: 		
0x0970	0x3200      	RRCF        R0, 1, 0
;__Lib_MathDouble.c,1397 :: 		
0x0972	0x3208      	RRCF        R8, 1, 0
;__Lib_MathDouble.c,1398 :: 		
0x0974	0x0E01      	MOVLW       1
;__Lib_MathDouble.c,1399 :: 		
0x0976	0x6E0E      	MOVWF       R14, 0
;__Lib_MathDouble.c,1400 :: 		
DALIGN32OK:
;__Lib_MathDouble.c,1401 :: 		
0x0978	0x5007      	MOVF        R7, 0, 0
;__Lib_MathDouble.c,1402 :: 		
0x097A	0x5E03      	SUBWF       R3, 1, 0
;__Lib_MathDouble.c,1403 :: 		
0x097C	0xA0D8      	BTFSS       STATUS, 0, 0
;__Lib_MathDouble.c,1404 :: 		
0x097E	0xF004EFC9  	GOTO        ALTB32
;__Lib_MathDouble.c,1406 :: 		
0x0982	0x0E7E      	MOVLW       126
;__Lib_MathDouble.c,1407 :: 		
0x0984	0x240E      	ADDWF       R14, 0, 0
;__Lib_MathDouble.c,1408 :: 		
0x0986	0x2603      	ADDWF       R3, 1, 0
;__Lib_MathDouble.c,1409 :: 		
0x0988	0xB0D8      	BTFSC       STATUS, 0, 0
;__Lib_MathDouble.c,1410 :: 		
0x098A	0xF005EF2E  	GOTO        JPDSETFOV32
;__Lib_MathDouble.c,1411 :: 		
0x098E	0xF004EFCF  	GOTO        DARGOK32
;__Lib_MathDouble.c,1412 :: 		
ALTB32:
;__Lib_MathDouble.c,1413 :: 		
0x0992	0x0E7E      	MOVLW       126
;__Lib_MathDouble.c,1414 :: 		
0x0994	0x240E      	ADDWF       R14, 0, 0
;__Lib_MathDouble.c,1415 :: 		
0x0996	0x2603      	ADDWF       R3, 1, 0
;__Lib_MathDouble.c,1416 :: 		
0x0998	0xA0D8      	BTFSS       STATUS, 0, 0
;__Lib_MathDouble.c,1417 :: 		
0x099A	0xF005EF33  	GOTO        JPDSETFUN32
;__Lib_MathDouble.c,1418 :: 		
DARGOK32:
;__Lib_MathDouble.c,1419 :: 		
0x099E	0x0E18      	MOVLW       24
;__Lib_MathDouble.c,1420 :: 		
0x09A0	0x6E0B      	MOVWF       R11, 0
;__Lib_MathDouble.c,1421 :: 		
DLOOP32:
;__Lib_MathDouble.c,1422 :: 		
0x09A2	0x360D      	RLCF        R13, 1, 0
;__Lib_MathDouble.c,1423 :: 		
0x09A4	0x360C      	RLCF        R12, 1, 0
;__Lib_MathDouble.c,1424 :: 		
0x09A6	0x3608      	RLCF        R8, 1, 0
;__Lib_MathDouble.c,1425 :: 		
0x09A8	0x3600      	RLCF        R0, 1, 0
;__Lib_MathDouble.c,1426 :: 		
0x09AA	0x3601      	RLCF        R1, 1, 0
;__Lib_MathDouble.c,1427 :: 		
0x09AC	0x3602      	RLCF        R2, 1, 0
;__Lib_MathDouble.c,1428 :: 		
0x09AE	0x360E      	RLCF        R14, 1, 0
;__Lib_MathDouble.c,1430 :: 		
0x09B0	0x5004      	MOVF        R4, 0, 0
;__Lib_MathDouble.c,1431 :: 		
0x09B2	0x5E00      	SUBWF       R0, 1, 0
;__Lib_MathDouble.c,1432 :: 		
0x09B4	0x5005      	MOVF        R5, 0, 0
;__Lib_MathDouble.c,1433 :: 		
0x09B6	0xA0D8      	BTFSS       STATUS, 0, 0
;__Lib_MathDouble.c,1434 :: 		
0x09B8	0x3C05      	INCFSZ      R5, 0, 0
;__Lib_MathDouble.c,1436 :: 		
0x09BA	0x5E01      	SUBWF       R1, 1, 0
;__Lib_MathDouble.c,1437 :: 		
0x09BC	0x5006      	MOVF        R6, 0, 0
;__Lib_MathDouble.c,1438 :: 		
0x09BE	0xA0D8      	BTFSS       STATUS, 0, 0
;__Lib_MathDouble.c,1439 :: 		
0x09C0	0x3C06      	INCFSZ      R6, 0, 0
;__Lib_MathDouble.c,1441 :: 		
0x09C2	0x5E02      	SUBWF       R2, 1, 0
;__Lib_MathDouble.c,1442 :: 		
0x09C4	0x3406      	RLCF        R6, 0, 0
;__Lib_MathDouble.c,1443 :: 		
0x09C6	0x120E      	IORWF       R14, 1, 0
;__Lib_MathDouble.c,1444 :: 		
0x09C8	0xA00E      	BTFSS       R14, 0, 0
;__Lib_MathDouble.c,1445 :: 		
0x09CA	0xF004EFEA  	GOTO        DREST32
;__Lib_MathDouble.c,1446 :: 		
0x09CE	0x800D      	BSF         R13, 0, 0
;__Lib_MathDouble.c,1447 :: 		
0x09D0	0xF004EFF5  	GOTO        DOK32
;__Lib_MathDouble.c,1448 :: 		
DREST32:
;__Lib_MathDouble.c,1449 :: 		
0x09D4	0x5004      	MOVF        R4, 0, 0
;__Lib_MathDouble.c,1450 :: 		
0x09D6	0x2600      	ADDWF       R0, 1, 0
;__Lib_MathDouble.c,1451 :: 		
0x09D8	0x5005      	MOVF        R5, 0, 0
;__Lib_MathDouble.c,1452 :: 		
0x09DA	0xB0D8      	BTFSC       STATUS, 0, 0
;__Lib_MathDouble.c,1453 :: 		
0x09DC	0x3C05      	INCFSZ      R5, 0, 0
;__Lib_MathDouble.c,1455 :: 		
0x09DE	0x2601      	ADDWF       R1, 1, 0
;__Lib_MathDouble.c,1456 :: 		
0x09E0	0x5006      	MOVF        R6, 0, 0
;__Lib_MathDouble.c,1457 :: 		
0x09E2	0xB0D8      	BTFSC       STATUS, 0, 0
;__Lib_MathDouble.c,1458 :: 		
0x09E4	0x2806      	INCF        R6, 0, 0
;__Lib_MathDouble.c,1459 :: 		
0x09E6	0x2602      	ADDWF       R2, 1, 0
;__Lib_MathDouble.c,1460 :: 		
0x09E8	0x900D      	BCF         R13, 0, 0
;__Lib_MathDouble.c,1461 :: 		
DOK32:
;__Lib_MathDouble.c,1462 :: 		
0x09EA	0x2E0B      	DECFSZ      R11, 1, 0
;__Lib_MathDouble.c,1463 :: 		
0x09EC	0xF004EFD1  	GOTO        DLOOP32
;__Lib_MathDouble.c,1467 :: 		
0x09F0	0xF005EF1B  	GOTO        DIV32OK
;__Lib_MathDouble.c,1468 :: 		
0x09F4	0x90D8      	BCF         STATUS, 0, 0
;__Lib_MathDouble.c,1469 :: 		
0x09F6	0x3600      	RLCF        R0, 1, 0
;__Lib_MathDouble.c,1470 :: 		
0x09F8	0x3601      	RLCF        R1, 1, 0
;__Lib_MathDouble.c,1471 :: 		
0x09FA	0x3602      	RLCF        R2, 1, 0
;__Lib_MathDouble.c,1472 :: 		
0x09FC	0x360E      	RLCF        R14, 1, 0
;__Lib_MathDouble.c,1474 :: 		
0x09FE	0x5004      	MOVF        R4, 0, 0
;__Lib_MathDouble.c,1475 :: 		
0x0A00	0x5E00      	SUBWF       R0, 1, 0
;__Lib_MathDouble.c,1476 :: 		
0x0A02	0x5005      	MOVF        R5, 0, 0
;__Lib_MathDouble.c,1477 :: 		
0x0A04	0xA0D8      	BTFSS       STATUS, 0, 0
;__Lib_MathDouble.c,1478 :: 		
0x0A06	0x3C05      	INCFSZ      R5, 0, 0
;__Lib_MathDouble.c,1479 :: 		
0x0A08	0x5E01      	SUBWF       R1, 1, 0
;__Lib_MathDouble.c,1480 :: 		
0x0A0A	0x5006      	MOVF        R6, 0, 0
;__Lib_MathDouble.c,1481 :: 		
0x0A0C	0xA0D8      	BTFSS       STATUS, 0, 0
;__Lib_MathDouble.c,1482 :: 		
0x0A0E	0x3C06      	INCFSZ      R6, 0, 0
;__Lib_MathDouble.c,1483 :: 		
0x0A10	0x5E02      	SUBWF       R2, 1, 0
;__Lib_MathDouble.c,1484 :: 		
0x0A12	0x3406      	RLCF        R6, 0, 0
;__Lib_MathDouble.c,1485 :: 		
0x0A14	0x100E      	IORWF       R14, 0, 0
;__Lib_MathDouble.c,1486 :: 		
0x0A16	0x0B01      	ANDLW       1
;__Lib_MathDouble.c,1487 :: 		
0x0A18	0x260D      	ADDWF       R13, 1, 0
;__Lib_MathDouble.c,1488 :: 		
0x0A1A	0xB0D8      	BTFSC       STATUS, 0, 0
;__Lib_MathDouble.c,1489 :: 		
0x0A1C	0x2A0C      	INCF        R12, 1, 0
;__Lib_MathDouble.c,1490 :: 		
0x0A1E	0xB4D8      	BTFSC       STATUS, 2, 0
;__Lib_MathDouble.c,1491 :: 		
0x0A20	0x2A08      	INCF        R8, 1, 0
;__Lib_MathDouble.c,1492 :: 		
0x0A22	0xA4D8      	BTFSS       STATUS, 2, 0
;__Lib_MathDouble.c,1493 :: 		
0x0A24	0xF005EF1B  	GOTO        DIV32OK
;__Lib_MathDouble.c,1494 :: 		
0x0A28	0x3208      	RRCF        R8, 1, 0
;__Lib_MathDouble.c,1495 :: 		
0x0A2A	0x320C      	RRCF        R12, 1, 0
;__Lib_MathDouble.c,1496 :: 		
0x0A2C	0x320D      	RRCF        R13, 1, 0
;__Lib_MathDouble.c,1497 :: 		
0x0A2E	0x2A03      	INCF        R3, 1, 0
;__Lib_MathDouble.c,1498 :: 		
0x0A30	0xB4D8      	BTFSC       STATUS, 2, 0
;__Lib_MathDouble.c,1499 :: 		
0x0A32	0xF005EF2E  	GOTO        JPDSETFOV32
;__Lib_MathDouble.c,1500 :: 		
DIV32OK:
;__Lib_MathDouble.c,1501 :: 		
0x0A36	0xAE0A      	BTFSS       R10, 7, 0
;__Lib_MathDouble.c,1502 :: 		
0x0A38	0x9E08      	BCF         R8, 7, 0
;__Lib_MathDouble.c,1503 :: 		
0x0A3A	0x5008      	MOVF        R8, 0, 0
;__Lib_MathDouble.c,1504 :: 		
0x0A3C	0x6E02      	MOVWF       R2, 0
;__Lib_MathDouble.c,1505 :: 		
0x0A3E	0x500C      	MOVF        R12, 0, 0
;__Lib_MathDouble.c,1506 :: 		
0x0A40	0x6E01      	MOVWF       R1, 0
;__Lib_MathDouble.c,1507 :: 		
0x0A42	0x500D      	MOVF        R13, 0, 0
;__Lib_MathDouble.c,1508 :: 		
0x0A44	0x6E00      	MOVWF       R0, 0
;__Lib_MathDouble.c,1511 :: 		
0x0A46	0xF005EF36  	GOTO        DIV32EEE
;__Lib_MathDouble.c,1512 :: 		
JPDSETFDZ32:
;__Lib_MathDouble.c,1513 :: 		
0x0A4A	0x0E01      	MOVLW       1
;__Lib_MathDouble.c,1516 :: 		
0x0A4C	0xDC89      	RCALL       _SETFDZ32
;__Lib_MathDouble.c,1518 :: 		
0x0A4E	0xF005EF36  	GOTO        DIV32EEE
;__Lib_MathDouble.c,1519 :: 		
JPDRES032:
;__Lib_MathDouble.c,1520 :: 		
0x0A52	0x0E02      	MOVLW       2
;__Lib_MathDouble.c,1523 :: 		
0x0A54	0xF000EC32  	CALL        _RES032, 0
;__Lib_MathDouble.c,1525 :: 		
0x0A58	0xF005EF36  	GOTO        DIV32EEE
;__Lib_MathDouble.c,1526 :: 		
JPDSETFOV32:
;__Lib_MathDouble.c,1527 :: 		
0x0A5C	0x0E04      	MOVLW       4
;__Lib_MathDouble.c,1530 :: 		
0x0A5E	0xF000EC93  	CALL        _SETFOV32, 0
;__Lib_MathDouble.c,1532 :: 		
0x0A62	0xF005EF36  	GOTO        DIV32EEE
;__Lib_MathDouble.c,1533 :: 		
JPDSETFUN32:
;__Lib_MathDouble.c,1534 :: 		
0x0A66	0x0E08      	MOVLW       8
;__Lib_MathDouble.c,1537 :: 		
0x0A68	0xF000EC21  	CALL        _SETFUN32, 0
;__Lib_MathDouble.c,1539 :: 		
DIV32EEE:
;__Lib_MathDouble.c,1547 :: 		
L_end_Div_32x32_FP:
0x0A6C	0x0012      	RETURN      0
; end of _Div_32x32_FP
_word2double:
;__Lib_MathDouble.c,2335 :: 		
;__Lib_MathDouble.c,2344 :: 		
0x0A6E	0x5000      	MOVF        R0, 0, 0
;__Lib_MathDouble.c,2345 :: 		
0x0A70	0x6E08      	MOVWF       R8, 0
;__Lib_MathDouble.c,2346 :: 		
0x0A72	0x5001      	MOVF        R1, 0, 0
;__Lib_MathDouble.c,2347 :: 		
0x0A74	0x6E00      	MOVWF       R0, 0
;__Lib_MathDouble.c,2348 :: 		
0x0A76	0x6A01      	CLRF        R1, 0
;__Lib_MathDouble.c,2349 :: 		
0x0A78	0x6A02      	CLRF        R2, 0
;__Lib_MathDouble.c,2350 :: 		
0x0A7A	0x6A03      	CLRF        R3, 0
;__Lib_MathDouble.c,2353 :: 		
0x0A7C	0x6A0B      	CLRF        R11, 0
;__Lib_MathDouble.c,2354 :: 		
0x0A7E	0x6A0C      	CLRF        R12, 0
;__Lib_MathDouble.c,2356 :: 		
0x0A80	0x0E96      	MOVLW       150
;__Lib_MathDouble.c,2357 :: 		
0x0A82	0x6E03      	MOVWF       R3, 0
;__Lib_MathDouble.c,2358 :: 		
0x0A84	0x6A0A      	CLRF        R10, 0
;__Lib_MathDouble.c,2360 :: 		
0x0A86	0xF001C000  	MOVFF       R0, R1
;__Lib_MathDouble.c,2361 :: 		
0x0A8A	0xF000C008  	MOVFF       R8, R0
;__Lib_MathDouble.c,2362 :: 		
0x0A8E	0x6A08      	CLRF        R8, 0
;__Lib_MathDouble.c,2363 :: 		
0x0A90	0x6A02      	CLRF        R2, 0
;__Lib_MathDouble.c,2365 :: 		
0x0A92	0xF001EC42  	CALL        _NRM3232, 0
;__Lib_MathDouble.c,2366 :: 		
L_end_word2double:
0x0A96	0x0012      	RETURN      0
; end of _word2double
_FloatToStr:
;__Lib_Conversions.c,521 :: 		
;__Lib_Conversions.c,523 :: 		
0x0A98	0x0100      	MOVLB       0
0x0A9A	0x6BD8      	CLRF        FloatToStr_bpoint_L0, 1
0x0A9C	0x6BD9      	CLRF        FloatToStr_dexpon_L0, 1
;__Lib_Conversions.c,528 :: 		
0x0A9E	0xF0D4C0CC  	MOVFF       FARG_FloatToStr_fnum, FloatToStr_un_L0
0x0AA2	0xF0D5C0CD  	MOVFF       FARG_FloatToStr_fnum+1, FloatToStr_un_L0+1
0x0AA6	0xF0D6C0CE  	MOVFF       FARG_FloatToStr_fnum+2, FloatToStr_un_L0+2
0x0AAA	0xF0D7C0CF  	MOVFF       FARG_FloatToStr_fnum+3, FloatToStr_un_L0+3
;__Lib_Conversions.c,529 :: 		
0x0AAE	0x51D7      	MOVF        FloatToStr_un_L0+3, 0, 1
0x0AB0	0x0AFF      	XORLW       255
0x0AB2	0xE108      	BNZ         L__FloatToStr417
0x0AB4	0x51D6      	MOVF        FloatToStr_un_L0+2, 0, 1
0x0AB6	0x0AFF      	XORLW       255
0x0AB8	0xE105      	BNZ         L__FloatToStr417
0x0ABA	0x51D5      	MOVF        FloatToStr_un_L0+1, 0, 1
0x0ABC	0x0AFF      	XORLW       255
0x0ABE	0xE102      	BNZ         L__FloatToStr417
0x0AC0	0x51D4      	MOVF        FloatToStr_un_L0, 0, 1
0x0AC2	0x0AFF      	XORLW       255
L__FloatToStr417:
0x0AC4	0xE10C      	BNZ         L_FloatToStr90
;__Lib_Conversions.c,530 :: 		
0x0AC6	0xF0DAC0D0  	MOVFF       FARG_FloatToStr_str, FARG_strcpy_to
0x0ACA	0xF0DBC0D1  	MOVFF       FARG_FloatToStr_str+1, FARG_strcpy_to+1
0x0ACE	0x0EB3      	MOVLW       ?lstr1___Lib_Conversions
0x0AD0	0x6FDC      	MOVWF       FARG_strcpy_from, 1
0x0AD2	0x0E00      	MOVLW       hi_addr(?lstr1___Lib_Conversions)
0x0AD4	0x6FDD      	MOVWF       FARG_strcpy_from+1, 1
0x0AD6	0xDCAF      	RCALL       _strcpy
;__Lib_Conversions.c,531 :: 		
0x0AD8	0x0E03      	MOVLW       3
0x0ADA	0x6E00      	MOVWF       R0 
0x0ADC	0xD1EF      	BRA         L_end_FloatToStr
;__Lib_Conversions.c,532 :: 		
L_FloatToStr90:
;__Lib_Conversions.c,533 :: 		
0x0ADE	0x0E01      	MOVLW       1
0x0AE0	0x6FD2      	MOVWF       FloatToStr_i_L0, 1
;__Lib_Conversions.c,534 :: 		
0x0AE2	0xAFD6      	BTFSS       FloatToStr_un_L0+2, 7, 1
0x0AE4	0xD00E      	BRA         L_FloatToStr91
;__Lib_Conversions.c,535 :: 		
0x0AE6	0x0E80      	MOVLW       128
0x0AE8	0x19D6      	XORWF       FloatToStr_un_L0+2, 0, 1
0x0AEA	0x6E00      	MOVWF       R0 
0x0AEC	0xF0D6C000  	MOVFF       R0, FloatToStr_un_L0+2
;__Lib_Conversions.c,536 :: 		
0x0AF0	0x2BD2      	INCF        FloatToStr_i_L0, 1, 1
;__Lib_Conversions.c,537 :: 		
0x0AF2	0xFFE1C0D0  	MOVFF       FARG_FloatToStr_str, FSR1L
0x0AF6	0xFFE2C0D1  	MOVFF       FARG_FloatToStr_str+1, FSR1H
0x0AFA	0x0E2D      	MOVLW       45
0x0AFC	0x6EE6      	MOVWF       POSTINC1 
0x0AFE	0x4BD0      	INFSNZ      FARG_FloatToStr_str, 1, 1
0x0B00	0x2BD1      	INCF        FARG_FloatToStr_str+1, 1, 1
;__Lib_Conversions.c,538 :: 		
L_FloatToStr91:
;__Lib_Conversions.c,539 :: 		
0x0B02	0x0E00      	MOVLW       0
0x0B04	0x6E00      	MOVWF       R0 
0x0B06	0x19D7      	XORWF       FloatToStr_un_L0+3, 0, 1
0x0B08	0xE108      	BNZ         L__FloatToStr418
0x0B0A	0x5000      	MOVF        R0, 0 
0x0B0C	0x19D6      	XORWF       FloatToStr_un_L0+2, 0, 1
0x0B0E	0xE105      	BNZ         L__FloatToStr418
0x0B10	0x5000      	MOVF        R0, 0 
0x0B12	0x19D5      	XORWF       FloatToStr_un_L0+1, 0, 1
0x0B14	0xE102      	BNZ         L__FloatToStr418
0x0B16	0x51D4      	MOVF        FloatToStr_un_L0, 0, 1
0x0B18	0x0A00      	XORLW       0
L__FloatToStr418:
0x0B1A	0xE10B      	BNZ         L_FloatToStr92
;__Lib_Conversions.c,540 :: 		
0x0B1C	0xF0DAC0D0  	MOVFF       FARG_FloatToStr_str, FARG_strcpy_to
0x0B20	0xF0DBC0D1  	MOVFF       FARG_FloatToStr_str+1, FARG_strcpy_to+1
0x0B24	0x0EB0      	MOVLW       ?lstr2___Lib_Conversions
0x0B26	0x6FDC      	MOVWF       FARG_strcpy_from, 1
0x0B28	0x0E00      	MOVLW       hi_addr(?lstr2___Lib_Conversions)
0x0B2A	0x6FDD      	MOVWF       FARG_strcpy_from+1, 1
0x0B2C	0xDC84      	RCALL       _strcpy
;__Lib_Conversions.c,541 :: 		
0x0B2E	0x6A00      	CLRF        R0 
0x0B30	0xD1C5      	BRA         L_end_FloatToStr
;__Lib_Conversions.c,542 :: 		
L_FloatToStr92:
;__Lib_Conversions.c,543 :: 		
0x0B32	0x51D7      	MOVF        FloatToStr_un_L0+3, 0, 1
0x0B34	0x0AFF      	XORLW       255
0x0B36	0xE108      	BNZ         L__FloatToStr419
0x0B38	0x51D6      	MOVF        FloatToStr_un_L0+2, 0, 1
0x0B3A	0x0A00      	XORLW       0
0x0B3C	0xE105      	BNZ         L__FloatToStr419
0x0B3E	0x51D5      	MOVF        FloatToStr_un_L0+1, 0, 1
0x0B40	0x0A00      	XORLW       0
0x0B42	0xE102      	BNZ         L__FloatToStr419
0x0B44	0x51D4      	MOVF        FloatToStr_un_L0, 0, 1
0x0B46	0x0A00      	XORLW       0
L__FloatToStr419:
0x0B48	0xE10C      	BNZ         L_FloatToStr93
;__Lib_Conversions.c,544 :: 		
0x0B4A	0xF0DAC0D0  	MOVFF       FARG_FloatToStr_str, FARG_strcpy_to
0x0B4E	0xF0DBC0D1  	MOVFF       FARG_FloatToStr_str+1, FARG_strcpy_to+1
0x0B52	0x0EAC      	MOVLW       ?lstr3___Lib_Conversions
0x0B54	0x6FDC      	MOVWF       FARG_strcpy_from, 1
0x0B56	0x0E00      	MOVLW       hi_addr(?lstr3___Lib_Conversions)
0x0B58	0x6FDD      	MOVWF       FARG_strcpy_from+1, 1
0x0B5A	0xDC6D      	RCALL       _strcpy
;__Lib_Conversions.c,545 :: 		
0x0B5C	0xF000C0D2  	MOVFF       FloatToStr_i_L0, R0
0x0B60	0xD1AD      	BRA         L_end_FloatToStr
;__Lib_Conversions.c,546 :: 		
L_FloatToStr93:
;__Lib_Conversions.c,554 :: 		
L_FloatToStr94:
0x0B62	0x0E00      	MOVLW       0
0x0B64	0x6E04      	MOVWF       R4 
0x0B66	0x0E00      	MOVLW       0
0x0B68	0x6E05      	MOVWF       R5 
0x0B6A	0x0E00      	MOVLW       0
0x0B6C	0x6E06      	MOVWF       R6 
0x0B6E	0x0E7F      	MOVLW       127
0x0B70	0x6E07      	MOVWF       R7 
0x0B72	0xF000C0D4  	MOVFF       FloatToStr_un_L0, R0
0x0B76	0xF001C0D5  	MOVFF       FloatToStr_un_L0+1, R1
0x0B7A	0xF002C0D6  	MOVFF       FloatToStr_un_L0+2, R2
0x0B7E	0xF003C0D7  	MOVFF       FloatToStr_un_L0+3, R3
0x0B82	0xF001ECB4  	CALL        _Compare_Double, 0
0x0B86	0x0E01      	MOVLW       1
0x0B88	0xB0D8      	BTFSC       STATUS, 0 
0x0B8A	0x0E00      	MOVLW       0
0x0B8C	0x6E00      	MOVWF       R0 
0x0B8E	0x5200      	MOVF        R0, 1 
0x0B90	0xE01C      	BZ          L_FloatToStr95
;__Lib_Conversions.c,555 :: 		
0x0B92	0xF000C0D4  	MOVFF       FloatToStr_un_L0, R0
0x0B96	0xF001C0D5  	MOVFF       FloatToStr_un_L0+1, R1
0x0B9A	0xF002C0D6  	MOVFF       FloatToStr_un_L0+2, R2
0x0B9E	0xF003C0D7  	MOVFF       FloatToStr_un_L0+3, R3
0x0BA2	0x0E00      	MOVLW       0
0x0BA4	0x6E04      	MOVWF       R4 
0x0BA6	0x0E00      	MOVLW       0
0x0BA8	0x6E05      	MOVWF       R5 
0x0BAA	0x0E20      	MOVLW       32
0x0BAC	0x6E06      	MOVWF       R6 
0x0BAE	0x0E82      	MOVLW       130
0x0BB0	0x6E07      	MOVWF       R7 
0x0BB2	0xF000ECA6  	CALL        _Mul_32x32_FP, 0
0x0BB6	0xF0D4C000  	MOVFF       R0, FloatToStr_un_L0
0x0BBA	0xF0D5C001  	MOVFF       R1, FloatToStr_un_L0+1
0x0BBE	0xF0D6C002  	MOVFF       R2, FloatToStr_un_L0+2
0x0BC2	0xF0D7C003  	MOVFF       R3, FloatToStr_un_L0+3
;__Lib_Conversions.c,556 :: 		
0x0BC6	0x07D9      	DECF        FloatToStr_dexpon_L0, 1, 1
;__Lib_Conversions.c,557 :: 		
0x0BC8	0xD7CC      	BRA         L_FloatToStr94
L_FloatToStr95:
;__Lib_Conversions.c,562 :: 		
L_FloatToStr96:
0x0BCA	0x0E00      	MOVLW       0
0x0BCC	0x6E04      	MOVWF       R4 
0x0BCE	0x0E00      	MOVLW       0
0x0BD0	0x6E05      	MOVWF       R5 
0x0BD2	0x0E20      	MOVLW       32
0x0BD4	0x6E06      	MOVWF       R6 
0x0BD6	0x0E82      	MOVLW       130
0x0BD8	0x6E07      	MOVWF       R7 
0x0BDA	0xF000C0D4  	MOVFF       FloatToStr_un_L0, R0
0x0BDE	0xF001C0D5  	MOVFF       FloatToStr_un_L0+1, R1
0x0BE2	0xF002C0D6  	MOVFF       FloatToStr_un_L0+2, R2
0x0BE6	0xF003C0D7  	MOVFF       FloatToStr_un_L0+3, R3
0x0BEA	0xF001ECB4  	CALL        _Compare_Double, 0
0x0BEE	0x0E00      	MOVLW       0
0x0BF0	0xB0D8      	BTFSC       STATUS, 0 
0x0BF2	0x0E01      	MOVLW       1
0x0BF4	0x6E00      	MOVWF       R0 
0x0BF6	0x5200      	MOVF        R0, 1 
0x0BF8	0xE01C      	BZ          L_FloatToStr97
;__Lib_Conversions.c,563 :: 		
0x0BFA	0xF000C0D4  	MOVFF       FloatToStr_un_L0, R0
0x0BFE	0xF001C0D5  	MOVFF       FloatToStr_un_L0+1, R1
0x0C02	0xF002C0D6  	MOVFF       FloatToStr_un_L0+2, R2
0x0C06	0xF003C0D7  	MOVFF       FloatToStr_un_L0+3, R3
0x0C0A	0x0ECD      	MOVLW       205
0x0C0C	0x6E04      	MOVWF       R4 
0x0C0E	0x0ECC      	MOVLW       204
0x0C10	0x6E05      	MOVWF       R5 
0x0C12	0x0E4C      	MOVLW       76
0x0C14	0x6E06      	MOVWF       R6 
0x0C16	0x0E7B      	MOVLW       123
0x0C18	0x6E07      	MOVWF       R7 
0x0C1A	0xF000ECA6  	CALL        _Mul_32x32_FP, 0
0x0C1E	0xF0D4C000  	MOVFF       R0, FloatToStr_un_L0
0x0C22	0xF0D5C001  	MOVFF       R1, FloatToStr_un_L0+1
0x0C26	0xF0D6C002  	MOVFF       R2, FloatToStr_un_L0+2
0x0C2A	0xF0D7C003  	MOVFF       R3, FloatToStr_un_L0+3
;__Lib_Conversions.c,564 :: 		
0x0C2E	0x2BD9      	INCF        FloatToStr_dexpon_L0, 1, 1
;__Lib_Conversions.c,565 :: 		
0x0C30	0xD7CC      	BRA         L_FloatToStr96
L_FloatToStr97:
;__Lib_Conversions.c,574 :: 		
0x0C32	0x0EFF      	MOVLW       255
0x0C34	0x15D4      	ANDWF       FloatToStr_un_L0, 0, 1
0x0C36	0x6E08      	MOVWF       R8 
0x0C38	0x0EFF      	MOVLW       255
0x0C3A	0x15D5      	ANDWF       FloatToStr_un_L0+1, 0, 1
0x0C3C	0x6E09      	MOVWF       R9 
0x0C3E	0x0E7F      	MOVLW       127
0x0C40	0x15D6      	ANDWF       FloatToStr_un_L0+2, 0, 1
0x0C42	0x6E0A      	MOVWF       R10 
0x0C44	0x0E00      	MOVLW       0
0x0C46	0x15D7      	ANDWF       FloatToStr_un_L0+3, 0, 1
0x0C48	0x6E0B      	MOVWF       R11 
;__Lib_Conversions.c,575 :: 		
0x0C4A	0xF004C008  	MOVFF       R8, R4
0x0C4E	0xF005C009  	MOVFF       R9, R5
0x0C52	0xF006C00A  	MOVFF       R10, R6
0x0C56	0xF007C00B  	MOVFF       R11, R7
0x0C5A	0x3604      	RLCF        R4, 1 
0x0C5C	0x9004      	BCF         R4, 0 
0x0C5E	0x3605      	RLCF        R5, 1 
0x0C60	0x3606      	RLCF        R6, 1 
0x0C62	0x3607      	RLCF        R7, 1 
;__Lib_Conversions.c,576 :: 		
0x0C64	0x0E00      	MOVLW       0
0x0C66	0x15D4      	ANDWF       FloatToStr_un_L0, 0, 1
0x0C68	0x6E00      	MOVWF       R0 
0x0C6A	0x0E00      	MOVLW       0
0x0C6C	0x15D5      	ANDWF       FloatToStr_un_L0+1, 0, 1
0x0C6E	0x6E01      	MOVWF       R1 
0x0C70	0x0E00      	MOVLW       0
0x0C72	0x15D6      	ANDWF       FloatToStr_un_L0+2, 0, 1
0x0C74	0x6E02      	MOVWF       R2 
0x0C76	0x0EFF      	MOVLW       255
0x0C78	0x15D7      	ANDWF       FloatToStr_un_L0+3, 0, 1
0x0C7A	0x6E03      	MOVWF       R3 
0x0C7C	0xF0D4C000  	MOVFF       R0, FloatToStr_un_L0
0x0C80	0xF0D5C001  	MOVFF       R1, FloatToStr_un_L0+1
0x0C84	0xF0D6C002  	MOVFF       R2, FloatToStr_un_L0+2
0x0C88	0xF0D7C003  	MOVFF       R3, FloatToStr_un_L0+3
;__Lib_Conversions.c,577 :: 		
0x0C8C	0x5004      	MOVF        R4, 0 
0x0C8E	0x11D4      	IORWF       FloatToStr_un_L0, 0, 1
0x0C90	0x6E00      	MOVWF       R0 
0x0C92	0x5005      	MOVF        R5, 0 
0x0C94	0x11D5      	IORWF       FloatToStr_un_L0+1, 0, 1
0x0C96	0x6E01      	MOVWF       R1 
0x0C98	0x5006      	MOVF        R6, 0 
0x0C9A	0x11D6      	IORWF       FloatToStr_un_L0+2, 0, 1
0x0C9C	0x6E02      	MOVWF       R2 
0x0C9E	0x5007      	MOVF        R7, 0 
0x0CA0	0x11D7      	IORWF       FloatToStr_un_L0+3, 0, 1
0x0CA2	0x6E03      	MOVWF       R3 
0x0CA4	0xF0D4C000  	MOVFF       R0, FloatToStr_un_L0
0x0CA8	0xF0D5C001  	MOVFF       R1, FloatToStr_un_L0+1
0x0CAC	0xF0D6C002  	MOVFF       R2, FloatToStr_un_L0+2
0x0CB0	0xF0D7C003  	MOVFF       R3, FloatToStr_un_L0+3
;__Lib_Conversions.c,579 :: 		
0x0CB4	0x0E7F      	MOVLW       127
0x0CB6	0x5DD7      	SUBWF       FloatToStr_un_L0+3, 0, 1
0x0CB8	0x6E00      	MOVWF       R0 
0x0CBA	0xF0D3C000  	MOVFF       R0, FloatToStr_d_L0
;__Lib_Conversions.c,582 :: 		
0x0CBE	0x0E01      	MOVLW       1
0x0CC0	0x6FD7      	MOVWF       FloatToStr_un_L0+3, 1
;__Lib_Conversions.c,583 :: 		
0x0CC2	0xF004C000  	MOVFF       R0, R4
0x0CC6	0xF000C0D4  	MOVFF       FloatToStr_un_L0, R0
0x0CCA	0xF001C0D5  	MOVFF       FloatToStr_un_L0+1, R1
0x0CCE	0xF002C0D6  	MOVFF       FloatToStr_un_L0+2, R2
0x0CD2	0xF003C0D7  	MOVFF       FloatToStr_un_L0+3, R3
0x0CD6	0x5004      	MOVF        R4, 0 
L__FloatToStr420:
0x0CD8	0xE007      	BZ          L__FloatToStr421
0x0CDA	0x3600      	RLCF        R0, 1 
0x0CDC	0x9000      	BCF         R0, 0 
0x0CDE	0x3601      	RLCF        R1, 1 
0x0CE0	0x3602      	RLCF        R2, 1 
0x0CE2	0x3603      	RLCF        R3, 1 
0x0CE4	0x0FFF      	ADDLW       255
0x0CE6	0xD7F8      	BRA         L__FloatToStr420
L__FloatToStr421:
0x0CE8	0xF0D4C000  	MOVFF       R0, FloatToStr_un_L0
0x0CEC	0xF0D5C001  	MOVFF       R1, FloatToStr_un_L0+1
0x0CF0	0xF0D6C002  	MOVFF       R2, FloatToStr_un_L0+2
0x0CF4	0xF0D7C003  	MOVFF       R3, FloatToStr_un_L0+3
;__Lib_Conversions.c,584 :: 		
0x0CF8	0xFFE1C0D0  	MOVFF       FARG_FloatToStr_str, FSR1L
0x0CFC	0xFFE2C0D1  	MOVFF       FARG_FloatToStr_str+1, FSR1H
0x0D00	0x51D7      	MOVF        FloatToStr_un_L0+3, 0, 1
0x0D02	0x0F30      	ADDLW       48
0x0D04	0x6EE6      	MOVWF       POSTINC1 
0x0D06	0x4BD0      	INFSNZ      FARG_FloatToStr_str, 1, 1
0x0D08	0x2BD1      	INCF        FARG_FloatToStr_str+1, 1, 1
;__Lib_Conversions.c,585 :: 		
0x0D0A	0x0E80      	MOVLW       128
0x0D0C	0x19D9      	XORWF       FloatToStr_dexpon_L0, 0, 1
0x0D0E	0x6E00      	MOVWF       R0 
0x0D10	0x0E80      	MOVLW       128
0x0D12	0x0A01      	XORLW       1
0x0D14	0x5C00      	SUBWF       R0, 0 
0x0D16	0xE308      	BNC         L__FloatToStr346
0x0D18	0x0E80      	MOVLW       128
0x0D1A	0x0A06      	XORLW       6
0x0D1C	0x6E00      	MOVWF       R0 
0x0D1E	0x0E80      	MOVLW       128
0x0D20	0x19D9      	XORWF       FloatToStr_dexpon_L0, 0, 1
0x0D22	0x5C00      	SUBWF       R0, 0 
0x0D24	0xE301      	BNC         L__FloatToStr346
0x0D26	0xD00A      	BRA         L_FloatToStr100
L__FloatToStr346:
;__Lib_Conversions.c,586 :: 		
0x0D28	0xFFE1C0D0  	MOVFF       FARG_FloatToStr_str, FSR1L
0x0D2C	0xFFE2C0D1  	MOVFF       FARG_FloatToStr_str+1, FSR1H
0x0D30	0x0E2E      	MOVLW       46
0x0D32	0x6EE6      	MOVWF       POSTINC1 
0x0D34	0x4BD0      	INFSNZ      FARG_FloatToStr_str, 1, 1
0x0D36	0x2BD1      	INCF        FARG_FloatToStr_str+1, 1, 1
;__Lib_Conversions.c,587 :: 		
0x0D38	0x0E01      	MOVLW       1
0x0D3A	0x6FD8      	MOVWF       FloatToStr_bpoint_L0, 1
;__Lib_Conversions.c,588 :: 		
L_FloatToStr100:
;__Lib_Conversions.c,589 :: 		
0x0D3C	0x0E06      	MOVLW       6
0x0D3E	0x6FD3      	MOVWF       FloatToStr_d_L0, 1
L_FloatToStr101:
0x0D40	0x51D3      	MOVF        FloatToStr_d_L0, 0, 1
0x0D42	0x0A00      	XORLW       0
0x0D44	0xE054      	BZ          L_FloatToStr102
;__Lib_Conversions.c,590 :: 		
0x0D46	0x6BD7      	CLRF        FloatToStr_un_L0+3, 1
;__Lib_Conversions.c,591 :: 		
0x0D48	0xF000C0D4  	MOVFF       FloatToStr_un_L0, R0
0x0D4C	0xF001C0D5  	MOVFF       FloatToStr_un_L0+1, R1
0x0D50	0xF002C0D6  	MOVFF       FloatToStr_un_L0+2, R2
0x0D54	0xF003C0D7  	MOVFF       FloatToStr_un_L0+3, R3
0x0D58	0x3600      	RLCF        R0, 1 
0x0D5A	0x9000      	BCF         R0, 0 
0x0D5C	0x3601      	RLCF        R1, 1 
0x0D5E	0x3602      	RLCF        R2, 1 
0x0D60	0x3603      	RLCF        R3, 1 
0x0D62	0x3600      	RLCF        R0, 1 
0x0D64	0x9000      	BCF         R0, 0 
0x0D66	0x3601      	RLCF        R1, 1 
0x0D68	0x3602      	RLCF        R2, 1 
0x0D6A	0x3603      	RLCF        R3, 1 
0x0D6C	0x51D4      	MOVF        FloatToStr_un_L0, 0, 1
0x0D6E	0x2600      	ADDWF       R0, 1 
0x0D70	0x51D5      	MOVF        FloatToStr_un_L0+1, 0, 1
0x0D72	0x2201      	ADDWFC      R1, 1 
0x0D74	0x51D6      	MOVF        FloatToStr_un_L0+2, 0, 1
0x0D76	0x2202      	ADDWFC      R2, 1 
0x0D78	0x51D7      	MOVF        FloatToStr_un_L0+3, 0, 1
0x0D7A	0x2203      	ADDWFC      R3, 1 
0x0D7C	0xF0D4C000  	MOVFF       R0, FloatToStr_un_L0
0x0D80	0xF0D5C001  	MOVFF       R1, FloatToStr_un_L0+1
0x0D84	0xF0D6C002  	MOVFF       R2, FloatToStr_un_L0+2
0x0D88	0xF0D7C003  	MOVFF       R3, FloatToStr_un_L0+3
;__Lib_Conversions.c,592 :: 		
0x0D8C	0xF000C0D4  	MOVFF       FloatToStr_un_L0, R0
0x0D90	0xF001C0D5  	MOVFF       FloatToStr_un_L0+1, R1
0x0D94	0xF002C0D6  	MOVFF       FloatToStr_un_L0+2, R2
0x0D98	0xF003C0D7  	MOVFF       FloatToStr_un_L0+3, R3
0x0D9C	0x3600      	RLCF        R0, 1 
0x0D9E	0x9000      	BCF         R0, 0 
0x0DA0	0x3601      	RLCF        R1, 1 
0x0DA2	0x3602      	RLCF        R2, 1 
0x0DA4	0x3603      	RLCF        R3, 1 
0x0DA6	0xF0D4C000  	MOVFF       R0, FloatToStr_un_L0
0x0DAA	0xF0D5C001  	MOVFF       R1, FloatToStr_un_L0+1
0x0DAE	0xF0D6C002  	MOVFF       R2, FloatToStr_un_L0+2
0x0DB2	0xF0D7C003  	MOVFF       R3, FloatToStr_un_L0+3
;__Lib_Conversions.c,593 :: 		
0x0DB6	0xFFE1C0D0  	MOVFF       FARG_FloatToStr_str, FSR1L
0x0DBA	0xFFE2C0D1  	MOVFF       FARG_FloatToStr_str+1, FSR1H
0x0DBE	0x51D7      	MOVF        FloatToStr_un_L0+3, 0, 1
0x0DC0	0x0F30      	ADDLW       48
0x0DC2	0x6EE6      	MOVWF       POSTINC1 
0x0DC4	0x4BD0      	INFSNZ      FARG_FloatToStr_str, 1, 1
0x0DC6	0x2BD1      	INCF        FARG_FloatToStr_str+1, 1, 1
;__Lib_Conversions.c,594 :: 		
0x0DC8	0x51D8      	MOVF        FloatToStr_bpoint_L0, 0, 1
0x0DCA	0x0A00      	XORLW       0
0x0DCC	0xE10E      	BNZ         L_FloatToStr104
;__Lib_Conversions.c,595 :: 		
0x0DCE	0x07D9      	DECF        FloatToStr_dexpon_L0, 1, 1
0x0DD0	0x51D9      	MOVF        FloatToStr_dexpon_L0, 0, 1
0x0DD2	0x0A00      	XORLW       0
0x0DD4	0xE10A      	BNZ         L_FloatToStr105
;__Lib_Conversions.c,596 :: 		
0x0DD6	0xFFE1C0D0  	MOVFF       FARG_FloatToStr_str, FSR1L
0x0DDA	0xFFE2C0D1  	MOVFF       FARG_FloatToStr_str+1, FSR1H
0x0DDE	0x0E2E      	MOVLW       46
0x0DE0	0x6EE6      	MOVWF       POSTINC1 
0x0DE2	0x4BD0      	INFSNZ      FARG_FloatToStr_str, 1, 1
0x0DE4	0x2BD1      	INCF        FARG_FloatToStr_str+1, 1, 1
;__Lib_Conversions.c,597 :: 		
0x0DE6	0x0E01      	MOVLW       1
0x0DE8	0x6FD8      	MOVWF       FloatToStr_bpoint_L0, 1
;__Lib_Conversions.c,598 :: 		
L_FloatToStr105:
L_FloatToStr104:
;__Lib_Conversions.c,589 :: 		
0x0DEA	0x07D3      	DECF        FloatToStr_d_L0, 1, 1
;__Lib_Conversions.c,599 :: 		
0x0DEC	0xD7A9      	BRA         L_FloatToStr101
L_FloatToStr102:
;__Lib_Conversions.c,600 :: 		
L_FloatToStr106:
0x0DEE	0x0EFF      	MOVLW       255
0x0DF0	0x25D0      	ADDWF       FARG_FloatToStr_str, 0, 1
0x0DF2	0x6EE9      	MOVWF       FSR0L 
0x0DF4	0x0EFF      	MOVLW       255
0x0DF6	0x21D1      	ADDWFC      FARG_FloatToStr_str+1, 0, 1
0x0DF8	0x6EEA      	MOVWF       FSR0L+1 
0x0DFA	0x50EE      	MOVF        POSTINC0, 0 
0x0DFC	0x0A30      	XORLW       48
0x0DFE	0xE105      	BNZ         L_FloatToStr107
;__Lib_Conversions.c,601 :: 		
0x0E00	0x0E01      	MOVLW       1
0x0E02	0x5FD0      	SUBWF       FARG_FloatToStr_str, 1, 1
0x0E04	0x0E00      	MOVLW       0
0x0E06	0x5BD1      	SUBWFB      FARG_FloatToStr_str+1, 1, 1
0x0E08	0xD7F2      	BRA         L_FloatToStr106
L_FloatToStr107:
;__Lib_Conversions.c,602 :: 		
0x0E0A	0x0EFF      	MOVLW       255
0x0E0C	0x25D0      	ADDWF       FARG_FloatToStr_str, 0, 1
0x0E0E	0x6EE9      	MOVWF       FSR0L 
0x0E10	0x0EFF      	MOVLW       255
0x0E12	0x21D1      	ADDWFC      FARG_FloatToStr_str+1, 0, 1
0x0E14	0x6EEA      	MOVWF       FSR0L+1 
0x0E16	0x50EE      	MOVF        POSTINC0, 0 
0x0E18	0x0A2E      	XORLW       46
0x0E1A	0xE104      	BNZ         L_FloatToStr108
;__Lib_Conversions.c,603 :: 		
0x0E1C	0x0E01      	MOVLW       1
0x0E1E	0x5FD0      	SUBWF       FARG_FloatToStr_str, 1, 1
0x0E20	0x0E00      	MOVLW       0
0x0E22	0x5BD1      	SUBWFB      FARG_FloatToStr_str+1, 1, 1
L_FloatToStr108:
;__Lib_Conversions.c,604 :: 		
0x0E24	0x51D9      	MOVF        FloatToStr_dexpon_L0, 0, 1
0x0E26	0x0A00      	XORLW       0
0x0E28	0xE043      	BZ          L_FloatToStr109
;__Lib_Conversions.c,605 :: 		
0x0E2A	0xFFE1C0D0  	MOVFF       FARG_FloatToStr_str, FSR1L
0x0E2E	0xFFE2C0D1  	MOVFF       FARG_FloatToStr_str+1, FSR1H
0x0E32	0x0E65      	MOVLW       101
0x0E34	0x6EE6      	MOVWF       POSTINC1 
0x0E36	0x4BD0      	INFSNZ      FARG_FloatToStr_str, 1, 1
0x0E38	0x2BD1      	INCF        FARG_FloatToStr_str+1, 1, 1
;__Lib_Conversions.c,606 :: 		
0x0E3A	0x0E80      	MOVLW       128
0x0E3C	0x19D9      	XORWF       FloatToStr_dexpon_L0, 0, 1
0x0E3E	0x6E00      	MOVWF       R0 
0x0E40	0x0E80      	MOVLW       128
0x0E42	0x0A00      	XORLW       0
0x0E44	0x5C00      	SUBWF       R0, 0 
0x0E46	0xE20B      	BC          L_FloatToStr110
;__Lib_Conversions.c,607 :: 		
0x0E48	0xFFE1C0D0  	MOVFF       FARG_FloatToStr_str, FSR1L
0x0E4C	0xFFE2C0D1  	MOVFF       FARG_FloatToStr_str+1, FSR1H
0x0E50	0x0E2D      	MOVLW       45
0x0E52	0x6EE6      	MOVWF       POSTINC1 
0x0E54	0x4BD0      	INFSNZ      FARG_FloatToStr_str, 1, 1
0x0E56	0x2BD1      	INCF        FARG_FloatToStr_str+1, 1, 1
;__Lib_Conversions.c,608 :: 		
0x0E58	0x51D9      	MOVF        FloatToStr_dexpon_L0, 0, 1
0x0E5A	0x0800      	SUBLW       0
0x0E5C	0x6FD9      	MOVWF       FloatToStr_dexpon_L0, 1
;__Lib_Conversions.c,609 :: 		
L_FloatToStr110:
;__Lib_Conversions.c,610 :: 		
0x0E5E	0xF0D3C0D9  	MOVFF       FloatToStr_dexpon_L0, FloatToStr_d_L0
;__Lib_Conversions.c,611 :: 		
0x0E62	0x0E80      	MOVLW       128
0x0E64	0x0A09      	XORLW       9
0x0E66	0x6E00      	MOVWF       R0 
0x0E68	0x0E80      	MOVLW       128
0x0E6A	0x19D9      	XORWF       FloatToStr_dexpon_L0, 0, 1
0x0E6C	0x5C00      	SUBWF       R0, 0 
0x0E6E	0xE20F      	BC          L_FloatToStr111
;__Lib_Conversions.c,612 :: 		
0x0E70	0x0E0A      	MOVLW       10
0x0E72	0x6E04      	MOVWF       R4 
0x0E74	0xF000C0D3  	MOVFF       FloatToStr_d_L0, R0
0x0E78	0xF002EC42  	CALL        _Div_8X8_S, 0
0x0E7C	0xFFE1C0D0  	MOVFF       FARG_FloatToStr_str, FSR1L
0x0E80	0xFFE2C0D1  	MOVFF       FARG_FloatToStr_str+1, FSR1H
0x0E84	0x5000      	MOVF        R0, 0 
0x0E86	0x0F30      	ADDLW       48
0x0E88	0x6EE6      	MOVWF       POSTINC1 
0x0E8A	0x4BD0      	INFSNZ      FARG_FloatToStr_str, 1, 1
0x0E8C	0x2BD1      	INCF        FARG_FloatToStr_str+1, 1, 1
L_FloatToStr111:
;__Lib_Conversions.c,613 :: 		
0x0E8E	0x0E0A      	MOVLW       10
0x0E90	0x6E04      	MOVWF       R4 
0x0E92	0xF000C0D3  	MOVFF       FloatToStr_d_L0, R0
0x0E96	0xF002EC42  	CALL        _Div_8X8_S, 0
0x0E9A	0xF000C008  	MOVFF       R8, R0
0x0E9E	0xFFE1C0D0  	MOVFF       FARG_FloatToStr_str, FSR1L
0x0EA2	0xFFE2C0D1  	MOVFF       FARG_FloatToStr_str+1, FSR1H
0x0EA6	0x5000      	MOVF        R0, 0 
0x0EA8	0x0F30      	ADDLW       48
0x0EAA	0x6EE6      	MOVWF       POSTINC1 
0x0EAC	0x4BD0      	INFSNZ      FARG_FloatToStr_str, 1, 1
0x0EAE	0x2BD1      	INCF        FARG_FloatToStr_str+1, 1, 1
;__Lib_Conversions.c,614 :: 		
L_FloatToStr109:
;__Lib_Conversions.c,615 :: 		
0x0EB0	0xFFE1C0D0  	MOVFF       FARG_FloatToStr_str, FSR1L
0x0EB4	0xFFE2C0D1  	MOVFF       FARG_FloatToStr_str+1, FSR1H
0x0EB8	0x6AE6      	CLRF        POSTINC1 
;__Lib_Conversions.c,616 :: 		
0x0EBA	0x6A00      	CLRF        R0 
;__Lib_Conversions.c,617 :: 		
L_end_FloatToStr:
0x0EBC	0x0012      	RETURN      0
; end of _FloatToStr
_Equals_Double:
;__Lib_MathDouble.c,2469 :: 		
;__Lib_MathDouble.c,2478 :: 		
0x0EBE	0x5003      	MOVF        R3, 0, 0
;__Lib_MathDouble.c,2479 :: 		
0x0EC0	0x1807      	XORWF       R7, 0, 0
;__Lib_MathDouble.c,2480 :: 		
0x0EC2	0xA4D8      	BTFSS       STATUS, 2, 0
;__Lib_MathDouble.c,2481 :: 		
0x0EC4	0xF007EF73  	GOTO        EQU_FALSE
;__Lib_MathDouble.c,2483 :: 		
0x0EC8	0x5002      	MOVF        R2, 0, 0
;__Lib_MathDouble.c,2484 :: 		
0x0ECA	0x1806      	XORWF       R6, 0, 0
;__Lib_MathDouble.c,2485 :: 		
0x0ECC	0xA4D8      	BTFSS       STATUS, 2, 0
;__Lib_MathDouble.c,2486 :: 		
0x0ECE	0xF007EF73  	GOTO        EQU_FALSE
;__Lib_MathDouble.c,2488 :: 		
0x0ED2	0x5001      	MOVF        R1, 0, 0
;__Lib_MathDouble.c,2489 :: 		
0x0ED4	0x1805      	XORWF       R5, 0, 0
;__Lib_MathDouble.c,2490 :: 		
0x0ED6	0xA4D8      	BTFSS       STATUS, 2, 0
;__Lib_MathDouble.c,2491 :: 		
0x0ED8	0xF007EF73  	GOTO        EQU_FALSE
;__Lib_MathDouble.c,2493 :: 		
0x0EDC	0x5000      	MOVF        R0, 0, 0
;__Lib_MathDouble.c,2494 :: 		
0x0EDE	0x1804      	XORWF       R4, 0, 0
;__Lib_MathDouble.c,2495 :: 		
0x0EE0	0xB4D8      	BTFSC       STATUS, 2, 0
;__Lib_MathDouble.c,2498 :: 		
0x0EE2	0x84D8      	BSF         STATUS, 2, 0
;__Lib_MathDouble.c,2499 :: 		
0x0EE4	0x0012      	RETURN      0
;__Lib_MathDouble.c,2501 :: 		
EQU_FALSE:
;__Lib_MathDouble.c,2503 :: 		
0x0EE6	0x94D8      	BCF         STATUS, 2, 0
;__Lib_MathDouble.c,2504 :: 		
0x0EE8	0x0012      	RETURN      0
;__Lib_MathDouble.c,2507 :: 		
L_end_Equals_Double:
0x0EEA	0x0012      	RETURN      0
; end of _Equals_Double
_byte2double:
;__Lib_MathDouble.c,2253 :: 		
;__Lib_MathDouble.c,2262 :: 		
0x0EEC	0xF008C000  	MOVFF       R0, R8
;__Lib_MathDouble.c,2265 :: 		
0x0EF0	0x6A0B      	CLRF        R11, 0
;__Lib_MathDouble.c,2266 :: 		
0x0EF2	0x6A0C      	CLRF        R12, 0
;__Lib_MathDouble.c,2268 :: 		
0x0EF4	0x0E9E      	MOVLW       158
;__Lib_MathDouble.c,2269 :: 		
0x0EF6	0x6E03      	MOVWF       R3, 0
;__Lib_MathDouble.c,2270 :: 		
0x0EF8	0x6A0A      	CLRF        R10, 0
;__Lib_MathDouble.c,2271 :: 		
0x0EFA	0x6A02      	CLRF        R2, 0
;__Lib_MathDouble.c,2272 :: 		
0x0EFC	0x6A01      	CLRF        R1, 0
;__Lib_MathDouble.c,2273 :: 		
0x0EFE	0x6A00      	CLRF        R0, 0
;__Lib_MathDouble.c,2274 :: 		
0x0F00	0x0E02      	MOVLW       2
;__Lib_MathDouble.c,2275 :: 		
0x0F02	0x6E0C      	MOVWF       R12, 0
;__Lib_MathDouble.c,2277 :: 		
0x0F04	0xF002ECDA  	CALL        _NRM4032, 0
;__Lib_MathDouble.c,2278 :: 		
L_end_byte2double:
0x0F08	0x0012      	RETURN      0
; end of _byte2double
_Ltrim:
;__Lib_Conversions.c,421 :: 		
;__Lib_Conversions.c,425 :: 		
0x0F0A	0x0100      	MOVLB       0
0x0F0C	0x6BCE      	CLRF        Ltrim_trimmed_L0, 1
0x0F0E	0x6BCF      	CLRF        Ltrim_trimmed_L0+1, 1
;__Lib_Conversions.c,426 :: 		
0x0F10	0xF003C0CC  	MOVFF       FARG_Ltrim_string, R3
0x0F14	0xF004C0CD  	MOVFF       FARG_Ltrim_string+1, R4
;__Lib_Conversions.c,427 :: 		
0x0F18	0xF005C0CC  	MOVFF       FARG_Ltrim_string, R5
0x0F1C	0xF006C0CD  	MOVFF       FARG_Ltrim_string+1, R6
;__Lib_Conversions.c,428 :: 		
L_Ltrim84:
;__Lib_Conversions.c,429 :: 		
0x0F20	0xFFE9C003  	MOVFF       R3, FSR0L
0x0F24	0xFFEAC004  	MOVFF       R4, FSR0H
0x0F28	0x50EE      	MOVF        POSTINC0, 0 
0x0F2A	0x0A20      	XORLW       32
0x0F2C	0xE104      	BNZ         L__Ltrim345
0x0F2E	0x51CE      	MOVF        Ltrim_trimmed_L0, 0, 1
0x0F30	0x11CF      	IORWF       Ltrim_trimmed_L0+1, 0, 1
0x0F32	0xE101      	BNZ         L__Ltrim345
0x0F34	0xD010      	BRA         L_Ltrim89
L__Ltrim345:
;__Lib_Conversions.c,430 :: 		
0x0F36	0x0E01      	MOVLW       1
0x0F38	0x6FCE      	MOVWF       Ltrim_trimmed_L0, 1
0x0F3A	0x0E00      	MOVLW       0
0x0F3C	0x6FCF      	MOVWF       Ltrim_trimmed_L0+1, 1
;__Lib_Conversions.c,431 :: 		
0x0F3E	0xFFE9C003  	MOVFF       R3, FSR0L
0x0F42	0xFFEAC004  	MOVFF       R4, FSR0H
0x0F46	0xFFE1C005  	MOVFF       R5, FSR1L
0x0F4A	0xFFE2C006  	MOVFF       R6, FSR1H
0x0F4E	0xFFE6CFEE  	MOVFF       POSTINC0, POSTINC1
0x0F52	0x4A05      	INFSNZ      R5, 1 
0x0F54	0x2A06      	INCF        R6, 1 
;__Lib_Conversions.c,432 :: 		
L_Ltrim89:
;__Lib_Conversions.c,434 :: 		
0x0F56	0xF001C003  	MOVFF       R3, R1
0x0F5A	0xF002C004  	MOVFF       R4, R2
0x0F5E	0x4A03      	INFSNZ      R3, 1 
0x0F60	0x2A04      	INCF        R4, 1 
0x0F62	0xFFE9C001  	MOVFF       R1, FSR0L
0x0F66	0xFFEAC002  	MOVFF       R2, FSR0H
0x0F6A	0x50EE      	MOVF        POSTINC0, 0 
0x0F6C	0x0A00      	XORLW       0
0x0F6E	0xE1D8      	BNZ         L_Ltrim84
;__Lib_Conversions.c,435 :: 		
0x0F70	0xF000C0CC  	MOVFF       FARG_Ltrim_string, R0
0x0F74	0xF001C0CD  	MOVFF       FARG_Ltrim_string+1, R1
;__Lib_Conversions.c,436 :: 		
L_end_Ltrim:
0x0F78	0x0012      	RETURN      0
; end of _Ltrim
_IntToStr:
;__Lib_Conversions.c,195 :: 		
;__Lib_Conversions.c,201 :: 		
0x0F7A	0x0100      	MOVLB       0
0x0F7C	0x6BD2      	CLRF        IntToStr_negative_L0, 1
0x0F7E	0x6BD3      	CLRF        IntToStr_negative_L0+1, 1
;__Lib_Conversions.c,202 :: 		
0x0F80	0xF0D4C0CC  	MOVFF       FARG_IntToStr_input, IntToStr_inword_L0
0x0F84	0xF0D5C0CD  	MOVFF       FARG_IntToStr_input+1, IntToStr_inword_L0+1
;__Lib_Conversions.c,203 :: 		
0x0F88	0x0E80      	MOVLW       128
0x0F8A	0x19CD      	XORWF       FARG_IntToStr_input+1, 0, 1
0x0F8C	0x6E00      	MOVWF       R0 
0x0F8E	0x0E80      	MOVLW       128
0x0F90	0x5C00      	SUBWF       R0, 0 
0x0F92	0xE102      	BNZ         L__IntToStr387
0x0F94	0x0E00      	MOVLW       0
0x0F96	0x5DCC      	SUBWF       FARG_IntToStr_input, 0, 1
L__IntToStr387:
0x0F98	0xE20B      	BC          L_IntToStr37
;__Lib_Conversions.c,204 :: 		
0x0F9A	0x0E01      	MOVLW       1
0x0F9C	0x6FD2      	MOVWF       IntToStr_negative_L0, 1
0x0F9E	0x0E00      	MOVLW       0
0x0FA0	0x6FD3      	MOVWF       IntToStr_negative_L0+1, 1
;__Lib_Conversions.c,205 :: 		
0x0FA2	0x51CC      	MOVF        FARG_IntToStr_input, 0, 1
0x0FA4	0x0800      	SUBLW       0
0x0FA6	0x6FD4      	MOVWF       IntToStr_inword_L0, 1
0x0FA8	0xF0D5C0CD  	MOVFF       FARG_IntToStr_input+1, IntToStr_inword_L0+1
0x0FAC	0x0E00      	MOVLW       0
0x0FAE	0x57D5      	SUBFWB      IntToStr_inword_L0+1, 1, 1
;__Lib_Conversions.c,206 :: 		
L_IntToStr37:
;__Lib_Conversions.c,207 :: 		
0x0FB0	0xF0DAC0D4  	MOVFF       IntToStr_inword_L0, FARG_WordToStr_input
0x0FB4	0xF0DBC0D5  	MOVFF       IntToStr_inword_L0+1, FARG_WordToStr_input+1
0x0FB8	0xF0DCC0CE  	MOVFF       FARG_IntToStr_output, FARG_WordToStr_output
0x0FBC	0xF0DDC0CF  	MOVFF       FARG_IntToStr_output+1, FARG_WordToStr_output+1
0x0FC0	0xF002EC91  	CALL        _WordToStr, 0
;__Lib_Conversions.c,209 :: 		
0x0FC4	0x0E06      	MOVLW       6
0x0FC6	0x6FD0      	MOVWF       IntToStr_i_L0, 1
0x0FC8	0x0E00      	MOVLW       0
0x0FCA	0x6FD1      	MOVWF       IntToStr_i_L0+1, 1
;__Lib_Conversions.c,210 :: 		
L_IntToStr38:
0x0FCC	0x0E00      	MOVLW       0
0x0FCE	0x6E00      	MOVWF       R0 
0x0FD0	0x51D1      	MOVF        IntToStr_i_L0+1, 0, 1
0x0FD2	0x5C00      	SUBWF       R0, 0 
0x0FD4	0xE102      	BNZ         L__IntToStr388
0x0FD6	0x51D0      	MOVF        IntToStr_i_L0, 0, 1
0x0FD8	0x0800      	SUBLW       0
L__IntToStr388:
0x0FDA	0xE219      	BC          L_IntToStr39
;__Lib_Conversions.c,211 :: 		
0x0FDC	0x51D0      	MOVF        IntToStr_i_L0, 0, 1
0x0FDE	0x25CE      	ADDWF       FARG_IntToStr_output, 0, 1
0x0FE0	0x6EE1      	MOVWF       FSR1L 
0x0FE2	0x51D1      	MOVF        IntToStr_i_L0+1, 0, 1
0x0FE4	0x21CF      	ADDWFC      FARG_IntToStr_output+1, 0, 1
0x0FE6	0x6EE2      	MOVWF       FSR1L+1 
0x0FE8	0x0E01      	MOVLW       1
0x0FEA	0x5DD0      	SUBWF       IntToStr_i_L0, 0, 1
0x0FEC	0x6E00      	MOVWF       R0 
0x0FEE	0x0E00      	MOVLW       0
0x0FF0	0x59D1      	SUBWFB      IntToStr_i_L0+1, 0, 1
0x0FF2	0x6E01      	MOVWF       R1 
0x0FF4	0x5000      	MOVF        R0, 0 
0x0FF6	0x25CE      	ADDWF       FARG_IntToStr_output, 0, 1
0x0FF8	0x6EE9      	MOVWF       FSR0L 
0x0FFA	0x5001      	MOVF        R1, 0 
0x0FFC	0x21CF      	ADDWFC      FARG_IntToStr_output+1, 0, 1
0x0FFE	0x6EEA      	MOVWF       FSR0L+1 
0x1000	0xFFE6CFEE  	MOVFF       POSTINC0, POSTINC1
;__Lib_Conversions.c,212 :: 		
0x1004	0x0E01      	MOVLW       1
0x1006	0x5FD0      	SUBWF       IntToStr_i_L0, 1, 1
0x1008	0x0E00      	MOVLW       0
0x100A	0x5BD1      	SUBWFB      IntToStr_i_L0+1, 1, 1
;__Lib_Conversions.c,213 :: 		
0x100C	0xD7DF      	BRA         L_IntToStr38
L_IntToStr39:
;__Lib_Conversions.c,214 :: 		
0x100E	0xFFE1C0CE  	MOVFF       FARG_IntToStr_output, FSR1L
0x1012	0xFFE2C0CF  	MOVFF       FARG_IntToStr_output+1, FSR1H
0x1016	0x0E20      	MOVLW       32
0x1018	0x6EE6      	MOVWF       POSTINC1 
;__Lib_Conversions.c,215 :: 		
0x101A	0x51D2      	MOVF        IntToStr_negative_L0, 0, 1
0x101C	0x11D3      	IORWF       IntToStr_negative_L0+1, 0, 1
0x101E	0xE01A      	BZ          L_IntToStr40
;__Lib_Conversions.c,216 :: 		
0x1020	0x6BD0      	CLRF        IntToStr_i_L0, 1
0x1022	0x6BD1      	CLRF        IntToStr_i_L0+1, 1
;__Lib_Conversions.c,217 :: 		
L_IntToStr41:
0x1024	0x51D0      	MOVF        IntToStr_i_L0, 0, 1
0x1026	0x25CE      	ADDWF       FARG_IntToStr_output, 0, 1
0x1028	0x6EE9      	MOVWF       FSR0L 
0x102A	0x51D1      	MOVF        IntToStr_i_L0+1, 0, 1
0x102C	0x21CF      	ADDWFC      FARG_IntToStr_output+1, 0, 1
0x102E	0x6EEA      	MOVWF       FSR0L+1 
0x1030	0x50EE      	MOVF        POSTINC0, 0 
0x1032	0x0A20      	XORLW       32
0x1034	0xE103      	BNZ         L_IntToStr42
0x1036	0x4BD0      	INFSNZ      IntToStr_i_L0, 1, 1
0x1038	0x2BD1      	INCF        IntToStr_i_L0+1, 1, 1
0x103A	0xD7F4      	BRA         L_IntToStr41
L_IntToStr42:
;__Lib_Conversions.c,218 :: 		
0x103C	0x0E01      	MOVLW       1
0x103E	0x5FD0      	SUBWF       IntToStr_i_L0, 1, 1
0x1040	0x0E00      	MOVLW       0
0x1042	0x5BD1      	SUBWFB      IntToStr_i_L0+1, 1, 1
;__Lib_Conversions.c,219 :: 		
0x1044	0x51D0      	MOVF        IntToStr_i_L0, 0, 1
0x1046	0x25CE      	ADDWF       FARG_IntToStr_output, 0, 1
0x1048	0x6EE1      	MOVWF       FSR1L 
0x104A	0x51D1      	MOVF        IntToStr_i_L0+1, 0, 1
0x104C	0x21CF      	ADDWFC      FARG_IntToStr_output+1, 0, 1
0x104E	0x6EE2      	MOVWF       FSR1L+1 
0x1050	0x0E2D      	MOVLW       45
0x1052	0x6EE6      	MOVWF       POSTINC1 
L_IntToStr40:
;__Lib_Conversions.c,220 :: 		
L_end_IntToStr:
0x1054	0x0012      	RETURN      0
; end of _IntToStr
_Lcd_Out_CP:
;__Lib_Lcd.c,57 :: 		
;__Lib_Lcd.c,59 :: 		
0x1056	0x0100      	MOVLB       0
0x1058	0x6BCE      	CLRF        Lcd_Out_CP_i_L0, 1
;__Lib_Lcd.c,60 :: 		
L_Lcd_Out_CP2:
0x105A	0x51CE      	MOVF        Lcd_Out_CP_i_L0, 0, 1
0x105C	0x25CC      	ADDWF       FARG_Lcd_Out_CP_text, 0, 1
0x105E	0x6EE9      	MOVWF       FSR0L 
0x1060	0x0E00      	MOVLW       0
0x1062	0x21CD      	ADDWFC      FARG_Lcd_Out_CP_text+1, 0, 1
0x1064	0x6EEA      	MOVWF       FSR0L+1 
0x1066	0x52EE      	MOVF        POSTINC0, 1 
0x1068	0xE00C      	BZ          L_Lcd_Out_CP3
;__Lib_Lcd.c,61 :: 		
0x106A	0x51CE      	MOVF        Lcd_Out_CP_i_L0, 0, 1
0x106C	0x25CC      	ADDWF       FARG_Lcd_Out_CP_text, 0, 1
0x106E	0x6EE9      	MOVWF       FSR0L 
0x1070	0x0E00      	MOVLW       0
0x1072	0x21CD      	ADDWFC      FARG_Lcd_Out_CP_text+1, 0, 1
0x1074	0x6EEA      	MOVWF       FSR0L+1 
0x1076	0xF0DACFEE  	MOVFF       POSTINC0, FARG_Lcd_Chr_CP_out_char
0x107A	0xF000EC9F  	CALL        _Lcd_Chr_CP, 0
0x107E	0x2BCE      	INCF        Lcd_Out_CP_i_L0, 1, 1
;__Lib_Lcd.c,62 :: 		
0x1080	0xD7EC      	BRA         L_Lcd_Out_CP2
L_Lcd_Out_CP3:
;__Lib_Lcd.c,63 :: 		
L_end_Lcd_Out_CP:
0x1082	0x0012      	RETURN      0
; end of _Lcd_Out_CP
_ADC_Read:
;__Lib_ADC_K22_B.c,70 :: 		
;__Lib_ADC_K22_B.c,73 :: 		
0x1084	0x6AC2      	CLRF        ADCON0 
;__Lib_ADC_K22_B.c,74 :: 		
0x1086	0x0100      	MOVLB       0
0x1088	0x1DB2      	COMF        _vref_mask, 0, 1
0x108A	0x6E00      	MOVWF       R0 
0x108C	0x5000      	MOVF        R0, 0 
0x108E	0x16C1      	ANDWF       ADCON1, 1 
;__Lib_ADC_K22_B.c,75 :: 		
0x1090	0x0E0F      	MOVLW       15
0x1092	0x12C0      	IORWF       ADCON2, 1 
;__Lib_ADC_K22_B.c,76 :: 		
0x1094	0x8EC0      	BSF         ADCON2, 7 
;__Lib_ADC_K22_B.c,77 :: 		
0x1096	0xF000C0CC  	MOVFF       FARG_ADC_Read_channel, R0
0x109A	0x3600      	RLCF        R0, 1 
0x109C	0x9000      	BCF         R0, 0 
0x109E	0x3600      	RLCF        R0, 1 
0x10A0	0x9000      	BCF         R0, 0 
0x10A2	0x5000      	MOVF        R0, 0 
0x10A4	0x12C2      	IORWF       ADCON0, 1 
;__Lib_ADC_K22_B.c,78 :: 		
0x10A6	0x80C2      	BSF         ADCON0, 0 
;__Lib_ADC_K22_B.c,79 :: 		
0x10A8	0xF001EC3C  	CALL        _Delay_22us, 0
;__Lib_ADC_K22_B.c,80 :: 		
0x10AC	0x82C2      	BSF         ADCON0, 1 
;__Lib_ADC_K22_B.c,81 :: 		
L_ADC_Read7:
0x10AE	0xA2C2      	BTFSS       ADCON0, 1 
0x10B0	0xD001      	BRA         L_ADC_Read8
;__Lib_ADC_K22_B.c,82 :: 		
0x10B2	0xD7FD      	BRA         L_ADC_Read7
L_ADC_Read8:
;__Lib_ADC_K22_B.c,83 :: 		
0x10B4	0xF001CFC4  	MOVFF       ADRESH, R1
0x10B8	0x6A00      	CLRF        R0 
0x10BA	0xF0CDC000  	MOVFF       R0, ADC_Read_rslt_L0
0x10BE	0xF0CEC001  	MOVFF       R1, ADC_Read_rslt_L0+1
;__Lib_ADC_K22_B.c,84 :: 		
0x10C2	0x50C3      	MOVF        ADRESL, 0 
0x10C4	0x1200      	IORWF       R0, 1 
0x10C6	0x0E00      	MOVLW       0
0x10C8	0x1201      	IORWF       R1, 1 
0x10CA	0xF0CDC000  	MOVFF       R0, ADC_Read_rslt_L0
0x10CE	0xF0CEC001  	MOVFF       R1, ADC_Read_rslt_L0+1
;__Lib_ADC_K22_B.c,85 :: 		
0x10D2	0x90C2      	BCF         ADCON0, 0 
;__Lib_ADC_K22_B.c,86 :: 		
0x10D4	0x0E00      	MOVLW       0
0x10D6	0x1400      	ANDWF       R0, 0 
0x10D8	0x6E02      	MOVWF       R2 
0x10DA	0x5001      	MOVF        R1, 0 
0x10DC	0x0B80      	ANDLW       128
0x10DE	0x6E03      	MOVWF       R3 
0x10E0	0x0E00      	MOVLW       0
0x10E2	0x1803      	XORWF       R3, 0 
0x10E4	0xE102      	BNZ         L__ADC_Read15
0x10E6	0x0E00      	MOVLW       0
0x10E8	0x1802      	XORWF       R2, 0 
L__ADC_Read15:
0x10EA	0xE002      	BZ          L_ADC_Read9
;__Lib_ADC_K22_B.c,87 :: 		
0x10EC	0x6BCD      	CLRF        ADC_Read_rslt_L0, 1
0x10EE	0x6BCE      	CLRF        ADC_Read_rslt_L0+1, 1
L_ADC_Read9:
;__Lib_ADC_K22_B.c,88 :: 		
0x10F0	0xF000C0CD  	MOVFF       ADC_Read_rslt_L0, R0
0x10F4	0xF001C0CE  	MOVFF       ADC_Read_rslt_L0+1, R1
;__Lib_ADC_K22_B.c,89 :: 		
L_end_ADC_Read:
0x10F8	0x0012      	RETURN      0
; end of _ADC_Read
_Lcd_Chr:
;__Lib_Lcd.c,65 :: 		
;__Lib_Lcd.c,66 :: 		
0x10FA	0xD010      	BRA         L_Lcd_Chr4
;__Lib_Lcd.c,67 :: 		
L_Lcd_Chr6:
0x10FC	0x0E80      	MOVLW       128
0x10FE	0x0100      	MOVLB       0
0x1100	0x6FCC      	MOVWF       FARG_Lcd_Chr_row, 1
0x1102	0xD01A      	BRA         L_Lcd_Chr5
;__Lib_Lcd.c,68 :: 		
L_Lcd_Chr7:
0x1104	0x0EC0      	MOVLW       192
0x1106	0x6FCC      	MOVWF       FARG_Lcd_Chr_row, 1
0x1108	0xD017      	BRA         L_Lcd_Chr5
;__Lib_Lcd.c,69 :: 		
L_Lcd_Chr8:
0x110A	0x0E94      	MOVLW       148
0x110C	0x6FCC      	MOVWF       FARG_Lcd_Chr_row, 1
0x110E	0xD014      	BRA         L_Lcd_Chr5
;__Lib_Lcd.c,70 :: 		
L_Lcd_Chr9:
0x1110	0x0ED4      	MOVLW       212
0x1112	0x6FCC      	MOVWF       FARG_Lcd_Chr_row, 1
0x1114	0xD011      	BRA         L_Lcd_Chr5
;__Lib_Lcd.c,71 :: 		
L_Lcd_Chr10:
0x1116	0x0E80      	MOVLW       128
0x1118	0x6FCC      	MOVWF       FARG_Lcd_Chr_row, 1
;__Lib_Lcd.c,72 :: 		
0x111A	0xD00E      	BRA         L_Lcd_Chr5
L_Lcd_Chr4:
0x111C	0x0100      	MOVLB       0
0x111E	0x51CC      	MOVF        FARG_Lcd_Chr_row, 0, 1
0x1120	0x0A01      	XORLW       1
0x1122	0xE0EC      	BZ          L_Lcd_Chr6
0x1124	0x51CC      	MOVF        FARG_Lcd_Chr_row, 0, 1
0x1126	0x0A02      	XORLW       2
0x1128	0xE0ED      	BZ          L_Lcd_Chr7
0x112A	0x51CC      	MOVF        FARG_Lcd_Chr_row, 0, 1
0x112C	0x0A03      	XORLW       3
0x112E	0xE0ED      	BZ          L_Lcd_Chr8
0x1130	0x51CC      	MOVF        FARG_Lcd_Chr_row, 0, 1
0x1132	0x0A04      	XORLW       4
0x1134	0xE0ED      	BZ          L_Lcd_Chr9
0x1136	0xD7EF      	BRA         L_Lcd_Chr10
L_Lcd_Chr5:
;__Lib_Lcd.c,74 :: 		
0x1138	0x05CD      	DECF        FARG_Lcd_Chr_column, 0, 1
0x113A	0x6E00      	MOVWF       R0 
0x113C	0x51CC      	MOVF        FARG_Lcd_Chr_row, 0, 1
0x113E	0x2600      	ADDWF       R0, 1 
0x1140	0xF0CCC000  	MOVFF       R0, FARG_Lcd_Chr_row
;__Lib_Lcd.c,76 :: 		
0x1144	0x81B7      	BSF         __Lib_Lcd_cmd_status, BitPos(__Lib_Lcd_cmd_status+0), 1
;__Lib_Lcd.c,77 :: 		
0x1146	0xF0E1C000  	MOVFF       R0, FARG_Lcd_Cmd_out_char
0x114A	0xF000EC54  	CALL        _Lcd_Cmd, 0
;__Lib_Lcd.c,79 :: 		
0x114E	0x91B7      	BCF         __Lib_Lcd_cmd_status, BitPos(__Lib_Lcd_cmd_status+0), 1
;__Lib_Lcd.c,80 :: 		
0x1150	0xF0E1C0CE  	MOVFF       FARG_Lcd_Chr_out_char, FARG_Lcd_Cmd_out_char
0x1154	0xF000EC54  	CALL        _Lcd_Cmd, 0
;__Lib_Lcd.c,81 :: 		
0x1158	0x81B7      	BSF         __Lib_Lcd_cmd_status, BitPos(__Lib_Lcd_cmd_status+0), 1
;__Lib_Lcd.c,82 :: 		
L_end_Lcd_Chr:
0x115A	0x0012      	RETURN      0
; end of _Lcd_Chr
_main:
0x115C	0xF00BEC00  	CALL        5632, 0
;AutomaticControlSystem.c,25 :: 		void main() {
;AutomaticControlSystem.c,32 :: 		Keypad_Init();                                      // Initialize keypad
0x1160	0xF004EC6D  	CALL        _Keypad_Init, 0
;AutomaticControlSystem.c,33 :: 		ANSELC = 0;                                         // Configure PORTC as digital
0x1164	0x010F      	MOVLB       15
0x1166	0x6B3A      	CLRF        ANSELC, 1
;AutomaticControlSystem.c,34 :: 		ANSELB = 0;                                         // Configure PORTB as digital
0x1168	0x6B39      	CLRF        ANSELB, 1
;AutomaticControlSystem.c,35 :: 		ANSELD = 0;                                          // Configure PORTD as digital
0x116A	0x6B3B      	CLRF        ANSELD, 1
;AutomaticControlSystem.c,36 :: 		TRISA0_bit = 1;                                      // Configure RA0 as input
0x116C	0x8092      	BSF         TRISA0_bit, BitPos(TRISA0_bit+0) 
;AutomaticControlSystem.c,37 :: 		TRISC = 0;                                          // Configure PORTC as output (LCD)
0x116E	0x6A94      	CLRF        TRISC 
;AutomaticControlSystem.c,38 :: 		TRISD0_bit=0;                                       // Configure RD0 as output (OV1)
0x1170	0x9095      	BCF         TRISD0_bit, BitPos(TRISD0_bit+0) 
;AutomaticControlSystem.c,39 :: 		TRISD1_bit=0;                                        // Configure RD1 as output (Fan1)
0x1172	0x9295      	BCF         TRISD1_bit, BitPos(TRISD1_bit+0) 
;AutomaticControlSystem.c,41 :: 		Lcd_Init();                                         // Initialize LCD
0x1174	0xF003ECD7  	CALL        _Lcd_Init, 0
;AutomaticControlSystem.c,42 :: 		Lcd_Cmd(_LCD_CLEAR);                                // Clear display
0x1178	0x0E01      	MOVLW       1
0x117A	0x6FE1      	MOVWF       FARG_Lcd_Cmd_out_char, 1
0x117C	0xF000EC54  	CALL        _Lcd_Cmd, 0
;AutomaticControlSystem.c,43 :: 		Lcd_Cmd(_LCD_CURSOR_OFF);                           // Cursor off
0x1180	0x0E0C      	MOVLW       12
0x1182	0x6FE1      	MOVWF       FARG_Lcd_Cmd_out_char, 1
0x1184	0xF000EC54  	CALL        _Lcd_Cmd, 0
;AutomaticControlSystem.c,44 :: 		Lcd_Out(1, 1, "Welcome to");                       // Display welcome message
0x1188	0x0E01      	MOVLW       1
0x118A	0x6FCC      	MOVWF       FARG_Lcd_Out_row, 1
0x118C	0x0E01      	MOVLW       1
0x118E	0x6FCD      	MOVWF       FARG_Lcd_Out_column, 1
0x1190	0x0E6F      	MOVLW       ?lstr1_AutomaticControlSystem
0x1192	0x6FCE      	MOVWF       FARG_Lcd_Out_text, 1
0x1194	0x0E00      	MOVLW       hi_addr(?lstr1_AutomaticControlSystem)
0x1196	0x6FCF      	MOVWF       FARG_Lcd_Out_text+1, 1
0x1198	0xF004EC26  	CALL        _Lcd_Out, 0
;AutomaticControlSystem.c,45 :: 		Lcd_Out(2, 1, "Temprature System");
0x119C	0x0E02      	MOVLW       2
0x119E	0x6FCC      	MOVWF       FARG_Lcd_Out_row, 1
0x11A0	0x0E01      	MOVLW       1
0x11A2	0x6FCD      	MOVWF       FARG_Lcd_Out_column, 1
0x11A4	0x0E5D      	MOVLW       ?lstr2_AutomaticControlSystem
0x11A6	0x6FCE      	MOVWF       FARG_Lcd_Out_text, 1
0x11A8	0x0E00      	MOVLW       hi_addr(?lstr2_AutomaticControlSystem)
0x11AA	0x6FCF      	MOVWF       FARG_Lcd_Out_text+1, 1
0x11AC	0xF004EC26  	CALL        _Lcd_Out, 0
;AutomaticControlSystem.c,46 :: 		delay_ms(2000);                                     //2s delay
0x11B0	0x0E15      	MOVLW       21
0x11B2	0x6E0B      	MOVWF       R11, 0
0x11B4	0x0E4B      	MOVLW       75
0x11B6	0x6E0C      	MOVWF       R12, 0
0x11B8	0x0EBE      	MOVLW       190
0x11BA	0x6E0D      	MOVWF       R13, 0
L_main0:
0x11BC	0x2E0D      	DECFSZ      R13, 1, 0
0x11BE	0xD7FE      	BRA         L_main0
0x11C0	0x2E0C      	DECFSZ      R12, 1, 0
0x11C2	0xD7FC      	BRA         L_main0
0x11C4	0x2E0B      	DECFSZ      R11, 1, 0
0x11C6	0xD7FA      	BRA         L_main0
0x11C8	0x0000      	NOP
;AutomaticControlSystem.c,48 :: 		OV1 = OFF;
0x11CA	0x9083      	BCF         PORTD, 0 
;AutomaticControlSystem.c,49 :: 		FAN1 = OFF;
0x11CC	0x9283      	BCF         PORTD, 1 
;AutomaticControlSystem.c,52 :: 		START:
___main_START:
;AutomaticControlSystem.c,53 :: 		Lcd_Cmd(_LCD_CLEAR);                           // Clear display
0x11CE	0x0E01      	MOVLW       1
0x11D0	0x6FE1      	MOVWF       FARG_Lcd_Cmd_out_char, 1
0x11D2	0xF000EC54  	CALL        _Lcd_Cmd, 0
;AutomaticControlSystem.c,54 :: 		Lcd_Out(1, 1, "Temp Ref GIR");
0x11D6	0x0E01      	MOVLW       1
0x11D8	0x6FCC      	MOVWF       FARG_Lcd_Out_row, 1
0x11DA	0x0E01      	MOVLW       1
0x11DC	0x6FCD      	MOVWF       FARG_Lcd_Out_column, 1
0x11DE	0x0E50      	MOVLW       ?lstr3_AutomaticControlSystem
0x11E0	0x6FCE      	MOVWF       FARG_Lcd_Out_text, 1
0x11E2	0x0E00      	MOVLW       hi_addr(?lstr3_AutomaticControlSystem)
0x11E4	0x6FCF      	MOVWF       FARG_Lcd_Out_text+1, 1
0x11E6	0xF004EC26  	CALL        _Lcd_Out, 0
;AutomaticControlSystem.c,55 :: 		Temp_Ref=0;
0x11EA	0x6BC7      	CLRF        main_Temp_Ref_L0, 1
;AutomaticControlSystem.c,56 :: 		Lcd_Out(2, 1, "Temp Ref: ");
0x11EC	0x0E02      	MOVLW       2
0x11EE	0x6FCC      	MOVWF       FARG_Lcd_Out_row, 1
0x11F0	0x0E01      	MOVLW       1
0x11F2	0x6FCD      	MOVWF       FARG_Lcd_Out_column, 1
0x11F4	0x0E96      	MOVLW       ?lstr4_AutomaticControlSystem
0x11F6	0x6FCE      	MOVWF       FARG_Lcd_Out_text, 1
0x11F8	0x0E00      	MOVLW       hi_addr(?lstr4_AutomaticControlSystem)
0x11FA	0x6FCF      	MOVWF       FARG_Lcd_Out_text+1, 1
0x11FC	0xF004EC26  	CALL        _Lcd_Out, 0
;AutomaticControlSystem.c,57 :: 		while(1)
L_main1:
;AutomaticControlSystem.c,59 :: 		do
L_main3:
;AutomaticControlSystem.c,60 :: 		kp = Keypad_Key_Click();                      // Store key code in kp variable
0x1200	0xF003ECCB  	CALL        _Keypad_Key_Click, 0
0x1204	0xF0B8C000  	MOVFF       R0, main_kp_L0
;AutomaticControlSystem.c,61 :: 		while (!kp);
0x1208	0x5200      	MOVF        R0, 1 
0x120A	0xE0FA      	BZ          L_main3
;AutomaticControlSystem.c,62 :: 		if ( kp == ENTER )break;
0x120C	0x51B8      	MOVF        main_kp_L0, 0, 1
0x120E	0x0A0F      	XORLW       15
0x1210	0xE101      	BNZ         L_main6
0x1212	0xD023      	BRA         L_main2
L_main6:
;AutomaticControlSystem.c,63 :: 		if (kp > 3 && kp < 8) kp = kp-1;
0x1214	0x51B8      	MOVF        main_kp_L0, 0, 1
0x1216	0x0803      	SUBLW       3
0x1218	0xE204      	BC          L_main9
0x121A	0x0E08      	MOVLW       8
0x121C	0x5DB8      	SUBWF       main_kp_L0, 0, 1
0x121E	0xA0D8      	BTFSS       STATUS, 0 
L__main29:
0x1220	0x07B8      	DECF        main_kp_L0, 1, 1
L_main9:
;AutomaticControlSystem.c,64 :: 		if (kp > 8 && kp < 12) kp = kp-2;
0x1222	0x51B8      	MOVF        main_kp_L0, 0, 1
0x1224	0x0808      	SUBLW       8
0x1226	0xE205      	BC          L_main12
0x1228	0x0E0C      	MOVLW       12
0x122A	0x5DB8      	SUBWF       main_kp_L0, 0, 1
0x122C	0xE202      	BC          L_main12
L__main28:
0x122E	0x0E02      	MOVLW       2
0x1230	0x5FB8      	SUBWF       main_kp_L0, 1, 1
L_main12:
;AutomaticControlSystem.c,65 :: 		if (kp ==14)kp = 0;
0x1232	0x51B8      	MOVF        main_kp_L0, 0, 1
0x1234	0x0A0E      	XORLW       14
0x1236	0xB4D8      	BTFSC       STATUS, 2 
0x1238	0x6BB8      	CLRF        main_kp_L0, 1
L_main13:
;AutomaticControlSystem.c,66 :: 		if ( kp == CLEAR )goto START;
0x123A	0x51B8      	MOVF        main_kp_L0, 0, 1
0x123C	0x0A0D      	XORLW       13
0x123E	0xE101      	BNZ         L_main14
0x1240	0xD7C6      	BRA         ___main_START
L_main14:
;AutomaticControlSystem.c,67 :: 		Lcd_Chr_Cp(kp + '0');
0x1242	0x0E30      	MOVLW       48
0x1244	0x25B8      	ADDWF       main_kp_L0, 0, 1
0x1246	0x6FDA      	MOVWF       FARG_Lcd_Chr_CP_out_char, 1
0x1248	0xF000EC9F  	CALL        _Lcd_Chr_CP, 0
;AutomaticControlSystem.c,68 :: 		Temp_Ref =(10*Temp_Ref) + kp;
0x124C	0x0E0A      	MOVLW       10
0x124E	0x03C7      	MULWF       main_Temp_Ref_L0, 1
0x1250	0xF0C7CFF3  	MOVFF       PRODL, main_Temp_Ref_L0
0x1254	0x51B8      	MOVF        main_kp_L0, 0, 1
0x1256	0x27C7      	ADDWF       main_Temp_Ref_L0, 1, 1
;AutomaticControlSystem.c,69 :: 		}
0x1258	0xD7D3      	BRA         L_main1
L_main2:
;AutomaticControlSystem.c,70 :: 		Lcd_Cmd(_LCD_CLEAR);
0x125A	0x0E01      	MOVLW       1
0x125C	0x6FE1      	MOVWF       FARG_Lcd_Cmd_out_char, 1
0x125E	0xF000EC54  	CALL        _Lcd_Cmd, 0
;AutomaticControlSystem.c,71 :: 		Lcd_Out(1, 1, "Temp Ref: ");
0x1262	0x0E01      	MOVLW       1
0x1264	0x6FCC      	MOVWF       FARG_Lcd_Out_row, 1
0x1266	0x0E01      	MOVLW       1
0x1268	0x6FCD      	MOVWF       FARG_Lcd_Out_column, 1
0x126A	0x0E8B      	MOVLW       ?lstr5_AutomaticControlSystem
0x126C	0x6FCE      	MOVWF       FARG_Lcd_Out_text, 1
0x126E	0x0E00      	MOVLW       hi_addr(?lstr5_AutomaticControlSystem)
0x1270	0x6FCF      	MOVWF       FARG_Lcd_Out_text+1, 1
0x1272	0xF004EC26  	CALL        _Lcd_Out, 0
;AutomaticControlSystem.c,72 :: 		intToStr( Temp_Ref,Txt);
0x1276	0xF0CCC0C7  	MOVFF       main_Temp_Ref_L0, FARG_IntToStr_input
0x127A	0x0E00      	MOVLW       0
0x127C	0x6FCD      	MOVWF       FARG_IntToStr_input+1, 1
0x127E	0x0EB9      	MOVLW       main_Txt_L0
0x1280	0x6FCE      	MOVWF       FARG_IntToStr_output, 1
0x1282	0x0E00      	MOVLW       hi_addr(main_Txt_L0)
0x1284	0x6FCF      	MOVWF       FARG_IntToStr_output+1, 1
0x1286	0xDE79      	RCALL       _IntToStr
;AutomaticControlSystem.c,73 :: 		inTemp=Ltrim(Txt);
0x1288	0x0EB9      	MOVLW       main_Txt_L0
0x128A	0x6FCC      	MOVWF       FARG_Ltrim_string, 1
0x128C	0x0E00      	MOVLW       hi_addr(main_Txt_L0)
0x128E	0x6FCD      	MOVWF       FARG_Ltrim_string+1, 1
0x1290	0xDE3C      	RCALL       _Ltrim
;AutomaticControlSystem.c,74 :: 		Lcd_Out_CP(inTemp);
0x1292	0xF0CCC000  	MOVFF       R0, FARG_Lcd_Out_CP_text
0x1296	0x0E00      	MOVLW       0
0x1298	0x6FCD      	MOVWF       FARG_Lcd_Out_CP_text+1, 1
0x129A	0xDEDD      	RCALL       _Lcd_Out_CP
;AutomaticControlSystem.c,75 :: 		Lcd_Out(2, 1, "Press # to Cont.");
0x129C	0x0E02      	MOVLW       2
0x129E	0x6FCC      	MOVWF       FARG_Lcd_Out_row, 1
0x12A0	0x0E01      	MOVLW       1
0x12A2	0x6FCD      	MOVWF       FARG_Lcd_Out_column, 1
0x12A4	0x0E7A      	MOVLW       ?lstr6_AutomaticControlSystem
0x12A6	0x6FCE      	MOVWF       FARG_Lcd_Out_text, 1
0x12A8	0x0E00      	MOVLW       hi_addr(?lstr6_AutomaticControlSystem)
0x12AA	0x6FCF      	MOVWF       FARG_Lcd_Out_text+1, 1
0x12AC	0xF004EC26  	CALL        _Lcd_Out, 0
;AutomaticControlSystem.c,77 :: 		kp =0;
0x12B0	0x6BB8      	CLRF        main_kp_L0, 1
;AutomaticControlSystem.c,78 :: 		while(kp!=ENTER)
L_main15:
0x12B2	0x51B8      	MOVF        main_kp_L0, 0, 1
0x12B4	0x0A0F      	XORLW       15
0x12B6	0xE007      	BZ          L_main16
;AutomaticControlSystem.c,80 :: 		do
L_main17:
;AutomaticControlSystem.c,81 :: 		kp = Keypad_Key_Click();
0x12B8	0xF003ECCB  	CALL        _Keypad_Key_Click, 0
0x12BC	0xF0B8C000  	MOVFF       R0, main_kp_L0
;AutomaticControlSystem.c,82 :: 		while(!kp);
0x12C0	0x5200      	MOVF        R0, 1 
0x12C2	0xE0FA      	BZ          L_main17
;AutomaticControlSystem.c,83 :: 		}
0x12C4	0xD7F6      	BRA         L_main15
L_main16:
;AutomaticControlSystem.c,84 :: 		Lcd_Cmd(_LCD_CLEAR);                            // Clear display
0x12C6	0x0E01      	MOVLW       1
0x12C8	0x6FE1      	MOVWF       FARG_Lcd_Cmd_out_char, 1
0x12CA	0xF000EC54  	CALL        _Lcd_Cmd, 0
;AutomaticControlSystem.c,86 :: 		Lcd_Out(1, 1, "Temp Ref: ");    // Use DisplayValue to show RefTemp
0x12CE	0x0E01      	MOVLW       1
0x12D0	0x6FCC      	MOVWF       FARG_Lcd_Out_row, 1
0x12D2	0x0E01      	MOVLW       1
0x12D4	0x6FCD      	MOVWF       FARG_Lcd_Out_column, 1
0x12D6	0x0E45      	MOVLW       ?lstr7_AutomaticControlSystem
0x12D8	0x6FCE      	MOVWF       FARG_Lcd_Out_text, 1
0x12DA	0x0E00      	MOVLW       hi_addr(?lstr7_AutomaticControlSystem)
0x12DC	0x6FCF      	MOVWF       FARG_Lcd_Out_text+1, 1
0x12DE	0xF004EC26  	CALL        _Lcd_Out, 0
;AutomaticControlSystem.c,87 :: 		Lcd_Chr(1,15,223);                                  // Degree symbol
0x12E2	0x0E01      	MOVLW       1
0x12E4	0x6FCC      	MOVWF       FARG_Lcd_Chr_row, 1
0x12E6	0x0E0F      	MOVLW       15
0x12E8	0x6FCD      	MOVWF       FARG_Lcd_Chr_column, 1
0x12EA	0x0EDF      	MOVLW       223
0x12EC	0x6FCE      	MOVWF       FARG_Lcd_Chr_out_char, 1
0x12EE	0xDF05      	RCALL       _Lcd_Chr
;AutomaticControlSystem.c,88 :: 		Lcd_Chr(1,16,'C');                                 // Celsius "C"
0x12F0	0x0E01      	MOVLW       1
0x12F2	0x6FCC      	MOVWF       FARG_Lcd_Chr_row, 1
0x12F4	0x0E10      	MOVLW       16
0x12F6	0x6FCD      	MOVWF       FARG_Lcd_Chr_column, 1
0x12F8	0x0E43      	MOVLW       67
0x12FA	0x6FCE      	MOVWF       FARG_Lcd_Chr_out_char, 1
0x12FC	0xDEFE      	RCALL       _Lcd_Chr
;AutomaticControlSystem.c,90 :: 		while(1) {
L_main20:
;AutomaticControlSystem.c,92 :: 		temp = ADC_Read(0);                               // Read raw ADC value
0x12FE	0x6BCC      	CLRF        FARG_ADC_Read_channel, 1
0x1300	0xDEC1      	RCALL       _ADC_Read
;AutomaticControlSystem.c,93 :: 		mV = temp * 5000.0/1024.0;                        // Convert to millivolts
0x1302	0xF005EC37  	CALL        _word2double, 0
0x1306	0x0E00      	MOVLW       0
0x1308	0x6E04      	MOVWF       R4 
0x130A	0x0E40      	MOVLW       64
0x130C	0x6E05      	MOVWF       R5 
0x130E	0x0E1C      	MOVLW       28
0x1310	0x6E06      	MOVWF       R6 
0x1312	0x0E8B      	MOVLW       139
0x1314	0x6E07      	MOVWF       R7 
0x1316	0xF000ECA6  	CALL        _Mul_32x32_FP, 0
0x131A	0x0E00      	MOVLW       0
0x131C	0x6E04      	MOVWF       R4 
0x131E	0x0E00      	MOVLW       0
0x1320	0x6E05      	MOVWF       R5 
0x1322	0x0E00      	MOVLW       0
0x1324	0x6E06      	MOVWF       R6 
0x1326	0x0E89      	MOVLW       137
0x1328	0x6E07      	MOVWF       R7 
0x132A	0xF004EC7A  	CALL        _Div_32x32_FP, 0
;AutomaticControlSystem.c,94 :: 		ActualTemp = mV/10.0 ;
0x132E	0x0E00      	MOVLW       0
0x1330	0x6E04      	MOVWF       R4 
0x1332	0x0E00      	MOVLW       0
0x1334	0x6E05      	MOVWF       R5 
0x1336	0x0E20      	MOVLW       32
0x1338	0x6E06      	MOVWF       R6 
0x133A	0x0E82      	MOVLW       130
0x133C	0x6E07      	MOVWF       R7 
0x133E	0xF004EC7A  	CALL        _Div_32x32_FP, 0
0x1342	0xF0C8C000  	MOVFF       R0, main_ActualTemp_L0
0x1346	0xF0C9C001  	MOVFF       R1, main_ActualTemp_L0+1
0x134A	0xF0CAC002  	MOVFF       R2, main_ActualTemp_L0+2
0x134E	0xF0CBC003  	MOVFF       R3, main_ActualTemp_L0+3
;AutomaticControlSystem.c,95 :: 		intToStr( Temp_Ref,Txt);
0x1352	0xF0CCC0C7  	MOVFF       main_Temp_Ref_L0, FARG_IntToStr_input
0x1356	0x0E00      	MOVLW       0
0x1358	0x0100      	MOVLB       0
0x135A	0x6FCD      	MOVWF       FARG_IntToStr_input+1, 1
0x135C	0x0EB9      	MOVLW       main_Txt_L0
0x135E	0x6FCE      	MOVWF       FARG_IntToStr_output, 1
0x1360	0x0E00      	MOVLW       hi_addr(main_Txt_L0)
0x1362	0x6FCF      	MOVWF       FARG_IntToStr_output+1, 1
0x1364	0xDE0A      	RCALL       _IntToStr
;AutomaticControlSystem.c,96 :: 		inTemp=Ltrim(Txt);
0x1366	0x0EB9      	MOVLW       main_Txt_L0
0x1368	0x6FCC      	MOVWF       FARG_Ltrim_string, 1
0x136A	0x0E00      	MOVLW       hi_addr(main_Txt_L0)
0x136C	0x6FCD      	MOVWF       FARG_Ltrim_string+1, 1
0x136E	0xDDCD      	RCALL       _Ltrim
;AutomaticControlSystem.c,98 :: 		Lcd_Out(1, 11, inTemp);                           // Ref Temp
0x1370	0x0E01      	MOVLW       1
0x1372	0x6FCC      	MOVWF       FARG_Lcd_Out_row, 1
0x1374	0x0E0B      	MOVLW       11
0x1376	0x6FCD      	MOVWF       FARG_Lcd_Out_column, 1
0x1378	0xF0CEC000  	MOVFF       R0, FARG_Lcd_Out_text
0x137C	0x0E00      	MOVLW       0
0x137E	0x6FCF      	MOVWF       FARG_Lcd_Out_text+1, 1
0x1380	0xF004EC26  	CALL        _Lcd_Out, 0
;AutomaticControlSystem.c,99 :: 		Lcd_Out(2, 1, "Temp= ");
0x1384	0x0E02      	MOVLW       2
0x1386	0x6FCC      	MOVWF       FARG_Lcd_Out_row, 1
0x1388	0x0E01      	MOVLW       1
0x138A	0x6FCD      	MOVWF       FARG_Lcd_Out_column, 1
0x138C	0x0E22      	MOVLW       ?lstr8_AutomaticControlSystem
0x138E	0x6FCE      	MOVWF       FARG_Lcd_Out_text, 1
0x1390	0x0E00      	MOVLW       hi_addr(?lstr8_AutomaticControlSystem)
0x1392	0x6FCF      	MOVWF       FARG_Lcd_Out_text+1, 1
0x1394	0xF004EC26  	CALL        _Lcd_Out, 0
;AutomaticControlSystem.c,100 :: 		FloatToStr(ActualTemp,Txt);                       // float to string
0x1398	0xF0CCC0C8  	MOVFF       main_ActualTemp_L0, FARG_FloatToStr_fnum
0x139C	0xF0CDC0C9  	MOVFF       main_ActualTemp_L0+1, FARG_FloatToStr_fnum+1
0x13A0	0xF0CEC0CA  	MOVFF       main_ActualTemp_L0+2, FARG_FloatToStr_fnum+2
0x13A4	0xF0CFC0CB  	MOVFF       main_ActualTemp_L0+3, FARG_FloatToStr_fnum+3
0x13A8	0x0EB9      	MOVLW       main_Txt_L0
0x13AA	0x6FD0      	MOVWF       FARG_FloatToStr_str, 1
0x13AC	0x0E00      	MOVLW       hi_addr(main_Txt_L0)
0x13AE	0x6FD1      	MOVWF       FARG_FloatToStr_str+1, 1
0x13B0	0xF005EC4C  	CALL        _FloatToStr, 0
;AutomaticControlSystem.c,101 :: 		Txt[4] = 0;
0x13B4	0x6BBD      	CLRF        main_Txt_L0+4, 1
;AutomaticControlSystem.c,102 :: 		Lcd_Out(2,7,Txt);
0x13B6	0x0E02      	MOVLW       2
0x13B8	0x6FCC      	MOVWF       FARG_Lcd_Out_row, 1
0x13BA	0x0E07      	MOVLW       7
0x13BC	0x6FCD      	MOVWF       FARG_Lcd_Out_column, 1
0x13BE	0x0EB9      	MOVLW       main_Txt_L0
0x13C0	0x6FCE      	MOVWF       FARG_Lcd_Out_text, 1
0x13C2	0x0E00      	MOVLW       hi_addr(main_Txt_L0)
0x13C4	0x6FCF      	MOVWF       FARG_Lcd_Out_text+1, 1
0x13C6	0xF004EC26  	CALL        _Lcd_Out, 0
;AutomaticControlSystem.c,103 :: 		Lcd_Out(2,12,"  ");
0x13CA	0x0E02      	MOVLW       2
0x13CC	0x6FCC      	MOVWF       FARG_Lcd_Out_row, 1
0x13CE	0x0E0C      	MOVLW       12
0x13D0	0x6FCD      	MOVWF       FARG_Lcd_Out_column, 1
0x13D2	0x0E1F      	MOVLW       ?lstr9_AutomaticControlSystem
0x13D4	0x6FCE      	MOVWF       FARG_Lcd_Out_text, 1
0x13D6	0x0E00      	MOVLW       hi_addr(?lstr9_AutomaticControlSystem)
0x13D8	0x6FCF      	MOVWF       FARG_Lcd_Out_text+1, 1
0x13DA	0xF004EC26  	CALL        _Lcd_Out, 0
;AutomaticControlSystem.c,106 :: 		if (Temp_Ref >  ActualTemp)
0x13DE	0xF000C0C7  	MOVFF       main_Temp_Ref_L0, R0
0x13E2	0xDD84      	RCALL       _byte2double
0x13E4	0xF004C000  	MOVFF       R0, R4
0x13E8	0xF005C001  	MOVFF       R1, R5
0x13EC	0xF006C002  	MOVFF       R2, R6
0x13F0	0xF007C003  	MOVFF       R3, R7
0x13F4	0xF000C0C8  	MOVFF       main_ActualTemp_L0, R0
0x13F8	0xF001C0C9  	MOVFF       main_ActualTemp_L0+1, R1
0x13FC	0xF002C0CA  	MOVFF       main_ActualTemp_L0+2, R2
0x1400	0xF003C0CB  	MOVFF       main_ActualTemp_L0+3, R3
0x1404	0xF001ECB4  	CALL        _Compare_Double, 0
0x1408	0x0E01      	MOVLW       1
0x140A	0xB0D8      	BTFSC       STATUS, 0 
0x140C	0x0E00      	MOVLW       0
0x140E	0x6E00      	MOVWF       R0 
0x1410	0x5200      	MOVF        R0, 1 
0x1412	0xE00C      	BZ          L_main22
;AutomaticControlSystem.c,108 :: 		OV1 = ON;  // Turn on the heater
0x1414	0x8083      	BSF         PORTD, 0 
;AutomaticControlSystem.c,109 :: 		FAN1 = OFF;
0x1416	0x9283      	BCF         PORTD, 1 
;AutomaticControlSystem.c,110 :: 		Lcd_Out(1, 1, "Heating..");
0x1418	0x0E01      	MOVLW       1
0x141A	0x6FCC      	MOVWF       FARG_Lcd_Out_row, 1
0x141C	0x0E01      	MOVLW       1
0x141E	0x6FCD      	MOVWF       FARG_Lcd_Out_column, 1
0x1420	0x0E15      	MOVLW       ?lstr10_AutomaticControlSystem
0x1422	0x6FCE      	MOVWF       FARG_Lcd_Out_text, 1
0x1424	0x0E00      	MOVLW       hi_addr(?lstr10_AutomaticControlSystem)
0x1426	0x6FCF      	MOVWF       FARG_Lcd_Out_text+1, 1
0x1428	0xF004EC26  	CALL        _Lcd_Out, 0
;AutomaticControlSystem.c,111 :: 		}
L_main22:
;AutomaticControlSystem.c,112 :: 		if (Temp_Ref <  ActualTemp)
0x142C	0xF000C0C7  	MOVFF       main_Temp_Ref_L0, R0
0x1430	0xDD5D      	RCALL       _byte2double
0x1432	0xF004C0C8  	MOVFF       main_ActualTemp_L0, R4
0x1436	0xF005C0C9  	MOVFF       main_ActualTemp_L0+1, R5
0x143A	0xF006C0CA  	MOVFF       main_ActualTemp_L0+2, R6
0x143E	0xF007C0CB  	MOVFF       main_ActualTemp_L0+3, R7
0x1442	0xF001ECB4  	CALL        _Compare_Double, 0
0x1446	0x0E01      	MOVLW       1
0x1448	0xB0D8      	BTFSC       STATUS, 0 
0x144A	0x0E00      	MOVLW       0
0x144C	0x6E00      	MOVWF       R0 
0x144E	0x5200      	MOVF        R0, 1 
0x1450	0xE00C      	BZ          L_main23
;AutomaticControlSystem.c,114 :: 		OV1 = OFF,
0x1452	0x9083      	BCF         PORTD, 0 
;AutomaticControlSystem.c,115 :: 		FAN1 = ON;   // Turn on the fan
0x1454	0x8283      	BSF         PORTD, 1 
;AutomaticControlSystem.c,116 :: 		Lcd_Out(1, 1, "Cooling..");
0x1456	0x0E01      	MOVLW       1
0x1458	0x6FCC      	MOVWF       FARG_Lcd_Out_row, 1
0x145A	0x0E01      	MOVLW       1
0x145C	0x6FCD      	MOVWF       FARG_Lcd_Out_column, 1
0x145E	0x0E3B      	MOVLW       ?lstr11_AutomaticControlSystem
0x1460	0x6FCE      	MOVWF       FARG_Lcd_Out_text, 1
0x1462	0x0E00      	MOVLW       hi_addr(?lstr11_AutomaticControlSystem)
0x1464	0x6FCF      	MOVWF       FARG_Lcd_Out_text+1, 1
0x1466	0xF004EC26  	CALL        _Lcd_Out, 0
;AutomaticControlSystem.c,117 :: 		}
L_main23:
;AutomaticControlSystem.c,118 :: 		if (Temp_Ref ==  ActualTemp)
0x146A	0xF000C0C7  	MOVFF       main_Temp_Ref_L0, R0
0x146E	0xDD3E      	RCALL       _byte2double
0x1470	0xF004C0C8  	MOVFF       main_ActualTemp_L0, R4
0x1474	0xF005C0C9  	MOVFF       main_ActualTemp_L0+1, R5
0x1478	0xF006C0CA  	MOVFF       main_ActualTemp_L0+2, R6
0x147C	0xF007C0CB  	MOVFF       main_ActualTemp_L0+3, R7
0x1480	0xDD1E      	RCALL       _Equals_Double
0x1482	0x0E01      	MOVLW       1
0x1484	0xA4D8      	BTFSS       STATUS, 2 
0x1486	0x0E00      	MOVLW       0
0x1488	0x6E00      	MOVWF       R0 
0x148A	0x5200      	MOVF        R0, 1 
0x148C	0xE00C      	BZ          L_main24
;AutomaticControlSystem.c,120 :: 		OV1 = OFF,
0x148E	0x9083      	BCF         PORTD, 0 
;AutomaticControlSystem.c,121 :: 		FAN1 = OFF;
0x1490	0x9283      	BCF         PORTD, 1 
;AutomaticControlSystem.c,122 :: 		Lcd_Out(1, 1, "Idle..");
0x1492	0x0E01      	MOVLW       1
0x1494	0x6FCC      	MOVWF       FARG_Lcd_Out_row, 1
0x1496	0x0E01      	MOVLW       1
0x1498	0x6FCD      	MOVWF       FARG_Lcd_Out_column, 1
0x149A	0x0E34      	MOVLW       ?lstr12_AutomaticControlSystem
0x149C	0x6FCE      	MOVWF       FARG_Lcd_Out_text, 1
0x149E	0x0E00      	MOVLW       hi_addr(?lstr12_AutomaticControlSystem)
0x14A0	0x6FCF      	MOVWF       FARG_Lcd_Out_text+1, 1
0x14A2	0xF004EC26  	CALL        _Lcd_Out, 0
;AutomaticControlSystem.c,123 :: 		}
L_main24:
;AutomaticControlSystem.c,124 :: 		Delay_ms(1000);
0x14A6	0x0E0B      	MOVLW       11
0x14A8	0x6E0B      	MOVWF       R11, 0
0x14AA	0x0E26      	MOVLW       38
0x14AC	0x6E0C      	MOVWF       R12, 0
0x14AE	0x0E5D      	MOVLW       93
0x14B0	0x6E0D      	MOVWF       R13, 0
L_main25:
0x14B2	0x2E0D      	DECFSZ      R13, 1, 0
0x14B4	0xD7FE      	BRA         L_main25
0x14B6	0x2E0C      	DECFSZ      R12, 1, 0
0x14B8	0xD7FC      	BRA         L_main25
0x14BA	0x2E0B      	DECFSZ      R11, 1, 0
0x14BC	0xD7FA      	BRA         L_main25
0x14BE	0x0000      	NOP
0x14C0	0x0000      	NOP
;AutomaticControlSystem.c,126 :: 		if(  ActualTemp >  25)
0x14C2	0xF004C0C8  	MOVFF       main_ActualTemp_L0, R4
0x14C6	0xF005C0C9  	MOVFF       main_ActualTemp_L0+1, R5
0x14CA	0xF006C0CA  	MOVFF       main_ActualTemp_L0+2, R6
0x14CE	0xF007C0CB  	MOVFF       main_ActualTemp_L0+3, R7
0x14D2	0x0E00      	MOVLW       0
0x14D4	0x6E00      	MOVWF       R0 
0x14D6	0x0E00      	MOVLW       0
0x14D8	0x6E01      	MOVWF       R1 
0x14DA	0x0E48      	MOVLW       72
0x14DC	0x6E02      	MOVWF       R2 
0x14DE	0x0E83      	MOVLW       131
0x14E0	0x6E03      	MOVWF       R3 
0x14E2	0xF001ECB4  	CALL        _Compare_Double, 0
0x14E6	0x0E01      	MOVLW       1
0x14E8	0xB0D8      	BTFSC       STATUS, 0 
0x14EA	0x0E00      	MOVLW       0
0x14EC	0x6E00      	MOVWF       R0 
0x14EE	0x5200      	MOVF        R0, 1 
0x14F0	0xE00E      	BZ          L_main26
;AutomaticControlSystem.c,128 :: 		Lcd_Cmd(_LCD_CLEAR);                             //  (Clear display )
0x14F2	0x0E01      	MOVLW       1
0x14F4	0x6FE1      	MOVWF       FARG_Lcd_Cmd_out_char, 1
0x14F6	0xF000EC54  	CALL        _Lcd_Cmd, 0
;AutomaticControlSystem.c,129 :: 		Lcd_Out(1, 1, " So Hot.. ");
0x14FA	0x0E01      	MOVLW       1
0x14FC	0x6FCC      	MOVWF       FARG_Lcd_Out_row, 1
0x14FE	0x0E01      	MOVLW       1
0x1500	0x6FCD      	MOVWF       FARG_Lcd_Out_column, 1
0x1502	0x0E29      	MOVLW       ?lstr13_AutomaticControlSystem
0x1504	0x6FCE      	MOVWF       FARG_Lcd_Out_text, 1
0x1506	0x0E00      	MOVLW       hi_addr(?lstr13_AutomaticControlSystem)
0x1508	0x6FCF      	MOVWF       FARG_Lcd_Out_text+1, 1
0x150A	0xF004EC26  	CALL        _Lcd_Out, 0
;AutomaticControlSystem.c,130 :: 		}
L_main26:
;AutomaticControlSystem.c,131 :: 		if(  ActualTemp <  10)
0x150E	0x0E00      	MOVLW       0
0x1510	0x6E04      	MOVWF       R4 
0x1512	0x0E00      	MOVLW       0
0x1514	0x6E05      	MOVWF       R5 
0x1516	0x0E20      	MOVLW       32
0x1518	0x6E06      	MOVWF       R6 
0x151A	0x0E82      	MOVLW       130
0x151C	0x6E07      	MOVWF       R7 
0x151E	0xF000C0C8  	MOVFF       main_ActualTemp_L0, R0
0x1522	0xF001C0C9  	MOVFF       main_ActualTemp_L0+1, R1
0x1526	0xF002C0CA  	MOVFF       main_ActualTemp_L0+2, R2
0x152A	0xF003C0CB  	MOVFF       main_ActualTemp_L0+3, R3
0x152E	0xF001ECB4  	CALL        _Compare_Double, 0
0x1532	0x0E01      	MOVLW       1
0x1534	0xB0D8      	BTFSC       STATUS, 0 
0x1536	0x0E00      	MOVLW       0
0x1538	0x6E00      	MOVWF       R0 
0x153A	0x5200      	MOVF        R0, 1 
0x153C	0xE00E      	BZ          L_main27
;AutomaticControlSystem.c,133 :: 		Lcd_Cmd(_LCD_CLEAR);
0x153E	0x0E01      	MOVLW       1
0x1540	0x6FE1      	MOVWF       FARG_Lcd_Cmd_out_char, 1
0x1542	0xF000EC54  	CALL        _Lcd_Cmd, 0
;AutomaticControlSystem.c,134 :: 		Lcd_Out(1, 1, "So Cold.. ");
0x1546	0x0E01      	MOVLW       1
0x1548	0x6FCC      	MOVWF       FARG_Lcd_Out_row, 1
0x154A	0x0E01      	MOVLW       1
0x154C	0x6FCD      	MOVWF       FARG_Lcd_Out_column, 1
0x154E	0x0EA1      	MOVLW       ?lstr14_AutomaticControlSystem
0x1550	0x6FCE      	MOVWF       FARG_Lcd_Out_text, 1
0x1552	0x0E00      	MOVLW       hi_addr(?lstr14_AutomaticControlSystem)
0x1554	0x6FCF      	MOVWF       FARG_Lcd_Out_text+1, 1
0x1556	0xF004EC26  	CALL        _Lcd_Out, 0
;AutomaticControlSystem.c,135 :: 		}
L_main27:
;AutomaticControlSystem.c,136 :: 		}
0x155A	0xD6D1      	BRA         L_main20
;AutomaticControlSystem.c,137 :: 		}
L_end_main:
0x155C	0xD7FF      	BRA         $+0
; end of _main
0x1600	0xF015EE10  	LFSR        1, 21
0x1604	0x0EA2      	MOVLW       162
0x1606	0x6E00      	MOVWF       R0 
0x1608	0x0E01      	MOVLW       1
0x160A	0x6E01      	MOVWF       R1 
0x160C	0x0E5E      	MOVLW       94
0x160E	0x6EF6      	MOVWF       TBLPTR 
0x1610	0x0E15      	MOVLW       21
0x1612	0x6EF7      	MOVWF       TBLPTRH 
0x1614	0x0E00      	MOVLW       0
0x1616	0x6EF8      	MOVWF       TBLPTRU 
0x1618	0xF004EC65  	CALL        2250, 0
0x161C	0x0012      	RETURN      0
;AutomaticControlSystem.c,0 :: ?ICS?lstr10_AutomaticControlSystem
0x155E	0x6548 ;?ICS?lstr10_AutomaticControlSystem+0
0x1560	0x7461 ;?ICS?lstr10_AutomaticControlSystem+2
0x1562	0x6E69 ;?ICS?lstr10_AutomaticControlSystem+4
0x1564	0x2E67 ;?ICS?lstr10_AutomaticControlSystem+6
0x1566	0x002E ;?ICS?lstr10_AutomaticControlSystem+8
; end of ?ICS?lstr10_AutomaticControlSystem
;AutomaticControlSystem.c,0 :: ?ICS?lstr9_AutomaticControlSystem
0x1568	0x2020 ;?ICS?lstr9_AutomaticControlSystem+0
0x156A	0x00 ;?ICS?lstr9_AutomaticControlSystem+2
; end of ?ICS?lstr9_AutomaticControlSystem
;AutomaticControlSystem.c,0 :: ?ICS?lstr8_AutomaticControlSystem
0x156B	0x6554 ;?ICS?lstr8_AutomaticControlSystem+0
0x156D	0x706D ;?ICS?lstr8_AutomaticControlSystem+2
0x156F	0x203D ;?ICS?lstr8_AutomaticControlSystem+4
0x1571	0x00 ;?ICS?lstr8_AutomaticControlSystem+6
; end of ?ICS?lstr8_AutomaticControlSystem
;AutomaticControlSystem.c,0 :: ?ICS?lstr13_AutomaticControlSystem
0x1572	0x5320 ;?ICS?lstr13_AutomaticControlSystem+0
0x1574	0x206F ;?ICS?lstr13_AutomaticControlSystem+2
0x1576	0x6F48 ;?ICS?lstr13_AutomaticControlSystem+4
0x1578	0x2E74 ;?ICS?lstr13_AutomaticControlSystem+6
0x157A	0x202E ;?ICS?lstr13_AutomaticControlSystem+8
0x157C	0x00 ;?ICS?lstr13_AutomaticControlSystem+10
; end of ?ICS?lstr13_AutomaticControlSystem
;AutomaticControlSystem.c,0 :: ?ICS?lstr12_AutomaticControlSystem
0x157D	0x6449 ;?ICS?lstr12_AutomaticControlSystem+0
0x157F	0x656C ;?ICS?lstr12_AutomaticControlSystem+2
0x1581	0x2E2E ;?ICS?lstr12_AutomaticControlSystem+4
0x1583	0x00 ;?ICS?lstr12_AutomaticControlSystem+6
; end of ?ICS?lstr12_AutomaticControlSystem
;AutomaticControlSystem.c,0 :: ?ICS?lstr11_AutomaticControlSystem
0x1584	0x6F43 ;?ICS?lstr11_AutomaticControlSystem+0
0x1586	0x6C6F ;?ICS?lstr11_AutomaticControlSystem+2
0x1588	0x6E69 ;?ICS?lstr11_AutomaticControlSystem+4
0x158A	0x2E67 ;?ICS?lstr11_AutomaticControlSystem+6
0x158C	0x002E ;?ICS?lstr11_AutomaticControlSystem+8
; end of ?ICS?lstr11_AutomaticControlSystem
;AutomaticControlSystem.c,0 :: ?ICS?lstr7_AutomaticControlSystem
0x158E	0x6554 ;?ICS?lstr7_AutomaticControlSystem+0
0x1590	0x706D ;?ICS?lstr7_AutomaticControlSystem+2
0x1592	0x5220 ;?ICS?lstr7_AutomaticControlSystem+4
0x1594	0x6665 ;?ICS?lstr7_AutomaticControlSystem+6
0x1596	0x203A ;?ICS?lstr7_AutomaticControlSystem+8
0x1598	0x00 ;?ICS?lstr7_AutomaticControlSystem+10
; end of ?ICS?lstr7_AutomaticControlSystem
;AutomaticControlSystem.c,0 :: ?ICS?lstr3_AutomaticControlSystem
0x1599	0x6554 ;?ICS?lstr3_AutomaticControlSystem+0
0x159B	0x706D ;?ICS?lstr3_AutomaticControlSystem+2
0x159D	0x5220 ;?ICS?lstr3_AutomaticControlSystem+4
0x159F	0x6665 ;?ICS?lstr3_AutomaticControlSystem+6
0x15A1	0x4720 ;?ICS?lstr3_AutomaticControlSystem+8
0x15A3	0x5249 ;?ICS?lstr3_AutomaticControlSystem+10
0x15A5	0x00 ;?ICS?lstr3_AutomaticControlSystem+12
; end of ?ICS?lstr3_AutomaticControlSystem
;AutomaticControlSystem.c,0 :: ?ICS?lstr2_AutomaticControlSystem
0x15A6	0x6554 ;?ICS?lstr2_AutomaticControlSystem+0
0x15A8	0x706D ;?ICS?lstr2_AutomaticControlSystem+2
0x15AA	0x6172 ;?ICS?lstr2_AutomaticControlSystem+4
0x15AC	0x7574 ;?ICS?lstr2_AutomaticControlSystem+6
0x15AE	0x6572 ;?ICS?lstr2_AutomaticControlSystem+8
0x15B0	0x5320 ;?ICS?lstr2_AutomaticControlSystem+10
0x15B2	0x7379 ;?ICS?lstr2_AutomaticControlSystem+12
0x15B4	0x6574 ;?ICS?lstr2_AutomaticControlSystem+14
0x15B6	0x006D ;?ICS?lstr2_AutomaticControlSystem+16
; end of ?ICS?lstr2_AutomaticControlSystem
;AutomaticControlSystem.c,0 :: ?ICS?lstr1_AutomaticControlSystem
0x15B8	0x6557 ;?ICS?lstr1_AutomaticControlSystem+0
0x15BA	0x636C ;?ICS?lstr1_AutomaticControlSystem+2
0x15BC	0x6D6F ;?ICS?lstr1_AutomaticControlSystem+4
0x15BE	0x2065 ;?ICS?lstr1_AutomaticControlSystem+6
0x15C0	0x6F74 ;?ICS?lstr1_AutomaticControlSystem+8
0x15C2	0x00 ;?ICS?lstr1_AutomaticControlSystem+10
; end of ?ICS?lstr1_AutomaticControlSystem
;AutomaticControlSystem.c,0 :: ?ICS?lstr6_AutomaticControlSystem
0x15C3	0x7250 ;?ICS?lstr6_AutomaticControlSystem+0
0x15C5	0x7365 ;?ICS?lstr6_AutomaticControlSystem+2
0x15C7	0x2073 ;?ICS?lstr6_AutomaticControlSystem+4
0x15C9	0x2023 ;?ICS?lstr6_AutomaticControlSystem+6
0x15CB	0x6F74 ;?ICS?lstr6_AutomaticControlSystem+8
0x15CD	0x4320 ;?ICS?lstr6_AutomaticControlSystem+10
0x15CF	0x6E6F ;?ICS?lstr6_AutomaticControlSystem+12
0x15D1	0x2E74 ;?ICS?lstr6_AutomaticControlSystem+14
0x15D3	0x00 ;?ICS?lstr6_AutomaticControlSystem+16
; end of ?ICS?lstr6_AutomaticControlSystem
;AutomaticControlSystem.c,0 :: ?ICS?lstr5_AutomaticControlSystem
0x15D4	0x6554 ;?ICS?lstr5_AutomaticControlSystem+0
0x15D6	0x706D ;?ICS?lstr5_AutomaticControlSystem+2
0x15D8	0x5220 ;?ICS?lstr5_AutomaticControlSystem+4
0x15DA	0x6665 ;?ICS?lstr5_AutomaticControlSystem+6
0x15DC	0x203A ;?ICS?lstr5_AutomaticControlSystem+8
0x15DE	0x00 ;?ICS?lstr5_AutomaticControlSystem+10
; end of ?ICS?lstr5_AutomaticControlSystem
;AutomaticControlSystem.c,0 :: ?ICS?lstr4_AutomaticControlSystem
0x15DF	0x6554 ;?ICS?lstr4_AutomaticControlSystem+0
0x15E1	0x706D ;?ICS?lstr4_AutomaticControlSystem+2
0x15E3	0x5220 ;?ICS?lstr4_AutomaticControlSystem+4
0x15E5	0x6665 ;?ICS?lstr4_AutomaticControlSystem+6
0x15E7	0x203A ;?ICS?lstr4_AutomaticControlSystem+8
0x15E9	0x00 ;?ICS?lstr4_AutomaticControlSystem+10
; end of ?ICS?lstr4_AutomaticControlSystem
;AutomaticControlSystem.c,0 :: ?ICS?lstr14_AutomaticControlSystem
0x15EA	0x6F53 ;?ICS?lstr14_AutomaticControlSystem+0
0x15EC	0x4320 ;?ICS?lstr14_AutomaticControlSystem+2
0x15EE	0x6C6F ;?ICS?lstr14_AutomaticControlSystem+4
0x15F0	0x2E64 ;?ICS?lstr14_AutomaticControlSystem+6
0x15F2	0x202E ;?ICS?lstr14_AutomaticControlSystem+8
0x15F4	0x00 ;?ICS?lstr14_AutomaticControlSystem+10
; end of ?ICS?lstr14_AutomaticControlSystem
;__Lib_Conversions.c,0 :: ?ICS?lstr3___Lib_Conversions
0x15F5	0x4E49 ;?ICS?lstr3___Lib_Conversions+0
0x15F7	0x0046 ;?ICS?lstr3___Lib_Conversions+2
; end of ?ICS?lstr3___Lib_Conversions
;__Lib_Conversions.c,0 :: ?ICS?lstr2___Lib_Conversions
0x15F9	0x0030 ;?ICS?lstr2___Lib_Conversions+0
; end of ?ICS?lstr2___Lib_Conversions
;__Lib_ADC_K22_B.c,0 :: ?ICS_vref_mask
0x15FB	0x0F ;?ICS_vref_mask+0
; end of ?ICS_vref_mask
;__Lib_Conversions.c,0 :: ?ICS?lstr1___Lib_Conversions
0x15FC	0x614E ;?ICS?lstr1___Lib_Conversions+0
0x15FE	0x004E ;?ICS?lstr1___Lib_Conversions+2
; end of ?ICS?lstr1___Lib_Conversions
Symbol List:
//** Routines locations **
//ADDRESS    SIZE    PROCEDURE
//----------------------------------------------
0x001C      [22]    _Delay_5500us
0x0032       [6]    _Delay_1us
0x0038      [10]    _Delay_50us
0x0042      [26]    _SETFUN32
0x005C       [8]    _FIXSIGN32
0x0064      [14]    _RES032
0x0072      [54]    _Div_16X16_U
0x00A8     [126]    _Lcd_Cmd
0x0126      [24]    _SETFOV32
0x013E      [14]    _Lcd_Chr_CP
0x014C     [288]    _Mul_32x32_FP
0x026C      [12]    _Delay_10us
0x0278      [12]    _Delay_22us
0x0284     [114]    _NRM3232
0x02F6     [106]    _Keypad_Key_Press
0x0360       [8]    _SETFDZ32
0x0368     [206]    _Compare_Double
0x0436      [78]    _strcpy
0x0484     [158]    _Div_8X8_S
0x0522     [146]    _WordToStr
0x05B4     [482]    _NRM4032
0x0796      [24]    _Keypad_Key_Click
0x07AE     [158]    _Lcd_Init
0x084C     [126]    _Lcd_Out
0x08CA      [16]    ___CC2DW
0x08DA      [26]    _Keypad_Init
0x08F4     [378]    _Div_32x32_FP
0x0A6E      [42]    _word2double
0x0A98    [1062]    _FloatToStr
0x0EBE      [46]    _Equals_Double
0x0EEC      [30]    _byte2double
0x0F0A     [112]    _Ltrim
0x0F7A     [220]    _IntToStr
0x1056      [46]    _Lcd_Out_CP
0x1084     [118]    _ADC_Read
0x10FA      [98]    _Lcd_Chr
0x115C    [1026]    _main
//** Variables locations ** 
//ADDRESS    SIZE    VARIABLE
//----------------------------------------------
0x0000       [1]    R0
0x0001       [1]    __Lib_Conversions_Adjust_Hex_tmp_L0
0x0001       [1]    R1
0x0002       [2]    memcpy_dd_L0
0x0002       [2]    memchr_s_L0
0x0002       [1]    R2
0x0002       [2]    strlen_cp_L0
0x0002       [2]    memset_pp_L0
0x0003       [1]    R3
0x0003       [2]    Ltrim_original_L0
0x0003       [2]    memmove_tt_L0
0x0004       [2]    strcpy_cp_L0
0x0004       [2]    strncat_cp_L0
0x0004       [2]    strncpy_cp_L0
0x0004       [1]    R4
0x0004       [2]    memcpy_ss_L0
0x0004       [2]    strcat_cp_L0
0x0005       [1]    R5
0x0005       [2]    memmove_ff_L0
0x0005       [2]    LongIntToHex_input_half_L0
0x0005       [2]    LongWordToHex_input_half_L0
0x0005       [2]    Ltrim_p_L0
0x0006       [1]    R6
0x0007       [1]    R7
0x0008       [1]    R8
0x0009       [1]    R9
0x000A       [1]    R10
0x000B       [1]    R11
0x000C       [1]    R12
0x000D       [1]    R13
0x000E       [1]    R14
0x000F       [1]    R15
0x0010       [1]    R16
0x0011       [1]    R17
0x0012       [1]    R18
0x0013       [1]    R19
0x0014       [1]    R20
0x0015      [10]    ?lstr10_AutomaticControlSystem
0x001F       [3]    ?lstr9_AutomaticControlSystem
0x0022       [7]    ?lstr8_AutomaticControlSystem
0x0029      [11]    ?lstr13_AutomaticControlSystem
0x0034       [7]    ?lstr12_AutomaticControlSystem
0x003B      [10]    ?lstr11_AutomaticControlSystem
0x0045      [11]    ?lstr7_AutomaticControlSystem
0x0050      [13]    ?lstr3_AutomaticControlSystem
0x005D      [18]    ?lstr2_AutomaticControlSystem
0x006F      [11]    ?lstr1_AutomaticControlSystem
0x007A      [17]    ?lstr6_AutomaticControlSystem
0x008B      [11]    ?lstr5_AutomaticControlSystem
0x0096      [11]    ?lstr4_AutomaticControlSystem
0x00A1      [11]    ?lstr14_AutomaticControlSystem
0x00AC       [4]    ?lstr3___Lib_Conversions
0x00B0       [2]    ?lstr2___Lib_Conversions
0x00B2       [1]    _vref_mask
0x00B3       [4]    ?lstr1___Lib_Conversions
0x00B7       [0]    __Lib_Lcd_cmd_status
0x00B8       [1]    main_kp_L0
0x00B9      [14]    main_Txt_L0
0x00C7       [1]    main_Temp_Ref_L0
0x00C8       [4]    main_ActualTemp_L0
0x00CC       [2]    FARG_Lcd_Out_CP_text
0x00CC       [1]    FARG_Lcd_Chr_row
0x00CC       [1]    FARG_Lcd_Out_row
0x00CC       [2]    FARG_Ltrim_string
0x00CC       [4]    FARG_FloatToStr_fnum
0x00CC       [1]    FARG_ADC_Read_channel
0x00CC       [2]    FARG_IntToStr_input
0x00CC       [1]    Keypad_Key_Click_rslt_L0
0x00CD       [1]    FARG_Lcd_Out_column
0x00CD       [1]    FARG_Lcd_Chr_column
0x00CD       [2]    ADC_Read_rslt_L0
0x00CE       [2]    FARG_IntToStr_output
0x00CE       [2]    Ltrim_trimmed_L0
0x00CE       [2]    FARG_Lcd_Out_text
0x00CE       [1]    Lcd_Out_CP_i_L0
0x00CE       [1]    FARG_Lcd_Chr_out_char
0x00D0       [1]    Lcd_Out_i_L0
0x00D0       [2]    FARG_FloatToStr_str
0x00D0       [2]    IntToStr_i_L0
0x00D2       [2]    IntToStr_negative_L0
0x00D2       [1]    FloatToStr_i_L0
0x00D3       [1]    FloatToStr_d_L0
0x00D4       [2]    IntToStr_inword_L0
0x00D4       [4]    FloatToStr_un_L0
0x00D8       [1]    FloatToStr_bpoint_L0
0x00D9       [1]    FloatToStr_dexpon_L0
0x00DA       [2]    FARG_WordToStr_input
0x00DA       [2]    FARG_strcpy_to
0x00DA       [1]    Keypad_Key_Press_rslt_L0
0x00DA       [1]    FARG_Lcd_Chr_CP_out_char
0x00DB       [1]    Keypad_Key_Press_kdata_L0
0x00DC       [1]    Keypad_Key_Press_loc_L0
0x00DC       [2]    FARG_strcpy_from
0x00DC       [2]    FARG_WordToStr_output
0x00DD       [1]    Keypad_Key_Press_rowcnt_L0
0x00DE       [1]    Keypad_Key_Press_shifter_L0
0x00DE       [1]    WordToStr_len_L0
0x00DF       [2]    FLOC__WordToStr
0x00E1       [1]    FARG_Lcd_Cmd_out_char
0x0F39       [1]    ANSELB
0x0F3A       [1]    ANSELC
0x0F3B       [1]    ANSELD
0x0F81       [1]    PORTB
0x0F81       [1]    keypadPort
0x0F83       [1]    PORTD
0x0F8B       [0]    LATC2_bit
0x0F8B       [0]    LATC0_bit
0x0F8B       [0]    LATC1_bit
0x0F8B       [0]    LATC3_bit
0x0F8B       [0]    LCD_D7
0x0F8B       [0]    LCD_D6
0x0F8B       [0]    LATC5_bit
0x0F8B       [0]    LCD_D5
0x0F8B       [0]    LCD_RS
0x0F8B       [0]    LATC4_bit
0x0F8B       [0]    LCD_D4
0x0F8B       [0]    LCD_EN
0x0F92       [0]    TRISA0_bit
0x0F94       [0]    LCD_D4_Direction
0x0F94       [0]    LCD_D5_Direction
0x0F94       [0]    LCD_D6_Direction
0x0F94       [0]    LCD_EN_Direction
0x0F94       [0]    LCD_D7_Direction
0x0F94       [0]    TRISC1_bit
0x0F94       [0]    TRISC2_bit
0x0F94       [1]    TRISC
0x0F94       [0]    TRISC0_bit
0x0F94       [0]    TRISC3_bit
0x0F94       [0]    LCD_RS_Direction
0x0F94       [0]    TRISC4_bit
0x0F94       [0]    TRISC5_bit
0x0F95       [0]    TRISD1_bit
0x0F95       [0]    TRISD0_bit
0x0FC0       [1]    ADCON2
0x0FC1       [1]    ADCON1
0x0FC2       [1]    ADCON0
0x0FC3       [1]    ADRESL
0x0FC4       [1]    ADRESH
0x0FD8       [1]    STATUS
0x0FD9       [1]    FSR2L
0x0FDA       [1]    FSR2H
0x0FDE       [1]    POSTINC2
0x0FE0       [1]    BSR
0x0FE1       [1]    FSR1L
0x0FE2       [1]    FSR1H
0x0FE4       [1]    PREINC1
0x0FE6       [1]    POSTINC1
0x0FE7       [1]    INDF1
0x0FE8       [1]    WREG
0x0FE9       [1]    FSR0L
0x0FEA       [1]    FSR0H
0x0FEE       [1]    POSTINC0
0x0FF3       [1]    PRODL
0x0FF4       [1]    PRODH
0x0FF5       [1]    TABLAT
0x0FF6       [1]    TBLPTRL
0x0FF6       [3]    TBLPTR
0x0FF7       [1]    TBLPTRH
0x0FF8       [1]    TBLPTRU
//** Constants locations ** 
//ADDRESS    SIZE    CONSTANT
//----------------------------------------------
0x155E      [10]    ?ICS?lstr10_AutomaticControlSystem
0x1568       [3]    ?ICS?lstr9_AutomaticControlSystem
0x156B       [7]    ?ICS?lstr8_AutomaticControlSystem
0x1572      [11]    ?ICS?lstr13_AutomaticControlSystem
0x157D       [7]    ?ICS?lstr12_AutomaticControlSystem
0x1584      [10]    ?ICS?lstr11_AutomaticControlSystem
0x158E      [11]    ?ICS?lstr7_AutomaticControlSystem
0x1599      [13]    ?ICS?lstr3_AutomaticControlSystem
0x15A6      [18]    ?ICS?lstr2_AutomaticControlSystem
0x15B8      [11]    ?ICS?lstr1_AutomaticControlSystem
0x15C3      [17]    ?ICS?lstr6_AutomaticControlSystem
0x15D4      [11]    ?ICS?lstr5_AutomaticControlSystem
0x15DF      [11]    ?ICS?lstr4_AutomaticControlSystem
0x15EA      [11]    ?ICS?lstr14_AutomaticControlSystem
0x15F5       [4]    ?ICS?lstr3___Lib_Conversions
0x15F9       [2]    ?ICS?lstr2___Lib_Conversions
0x15FB       [1]    ?ICS_vref_mask
0x15FC       [4]    ?ICS?lstr1___Lib_Conversions
